lon,lat
38.66625,-69.991166487
38.67075,-69.991166487
38.67525,-69.991166487
38.67975,-69.991166487
38.68425,-69.991166487
38.68875,-69.991166487
38.69325,-69.991166487
38.69775,-69.991166487
38.70225,-69.991166487
38.70675,-69.991166487
38.71125,-69.991166487
38.71575,-69.991166487
38.72025,-69.991166487
38.72475,-69.991166487
38.72925,-69.991166487
38.73375,-69.991166487
38.73825,-69.991166487
38.74275,-69.991166487
38.74725,-69.991166487
38.75175,-69.991166487
38.75625,-69.991166487
38.76075,-69.991166487
38.76525,-69.991166487
38.76975,-69.991166487
38.77425,-69.991166487
38.54025,-69.995666487
38.54475,-69.995666487
38.54925,-69.995666487
38.55375,-69.995666487
38.55825,-69.995666487
38.56275,-69.995666487
38.56725,-69.995666487
38.57175,-69.995666487
38.57625,-69.995666487
38.58075,-69.995666487
38.58525,-69.995666487
38.58975,-69.995666487
38.59425,-69.995666487
38.59875,-69.995666487
38.60325,-69.995666487
38.60775,-69.995666487
38.61225,-69.995666487
38.61675,-69.995666487
38.62125,-69.995666487
38.62575,-69.995666487
38.63025,-69.995666487
38.63475,-69.995666487
38.63925,-69.995666487
38.64375,-69.995666487
38.64825,-69.995666487
38.65275,-69.995666487
38.65725,-69.995666487
38.66175,-69.995666487
38.66625,-69.995666487
38.67075,-69.995666487
38.67525,-69.995666487
38.67975,-69.995666487
38.68425,-69.995666487
38.68875,-69.995666487
38.69325,-69.995666487
38.69775,-69.995666487
38.70225,-69.995666487
38.70675,-69.995666487
38.71125,-69.995666487
38.71575,-69.995666487
38.72025,-69.995666487
38.72475,-69.995666487
38.72925,-69.995666487
38.73375,-69.995666487
38.73825,-69.995666487
38.74275,-69.995666487
38.74725,-69.995666487
38.75175,-69.995666487
38.75625,-69.995666487
38.76075,-69.995666487
38.76525,-69.995666487
38.76975,-69.995666487
38.77425,-69.995666487
38.43225,-70.000166487
38.43675,-70.000166487
38.44125,-70.000166487
38.44575,-70.000166487
38.45025,-70.000166487
38.45475,-70.000166487
38.45925,-70.000166487
38.46375,-70.000166487
38.46825,-70.000166487
38.47275,-70.000166487
38.47725,-70.000166487
38.48175,-70.000166487
38.48625,-70.000166487
38.49075,-70.000166487
38.49525,-70.000166487
38.49975,-70.000166487
38.50425,-70.000166487
38.50875,-70.000166487
38.51325,-70.000166487
38.51775,-70.000166487
38.52225,-70.000166487
38.52675,-70.000166487
38.53125,-70.000166487
38.53575,-70.000166487
38.54025,-70.000166487
38.54475,-70.000166487
38.54925,-70.000166487
38.55375,-70.000166487
38.55825,-70.000166487
38.56275,-70.000166487
38.56725,-70.000166487
38.57175,-70.000166487
38.57625,-70.000166487
38.58075,-70.000166487
38.58525,-70.000166487
38.58975,-70.000166487
38.59425,-70.000166487
38.59875,-70.000166487
38.60325,-70.000166487
38.60775,-70.000166487
38.61225,-70.000166487
38.61675,-70.000166487
38.62125,-70.000166487
38.62575,-70.000166487
38.63025,-70.000166487
38.63475,-70.000166487
38.63925,-70.000166487
38.64375,-70.000166487
38.64825,-70.000166487
38.65275,-70.000166487
38.65725,-70.000166487
38.66175,-70.000166487
38.66625,-70.000166487
38.67075,-70.000166487
38.67525,-70.000166487
38.67975,-70.000166487
38.68425,-70.000166487
38.68875,-70.000166487
38.69325,-70.000166487
38.69775,-70.000166487
38.70225,-70.000166487
38.70675,-70.000166487
38.71125,-70.000166487
38.71575,-70.000166487
38.72025,-70.000166487
38.72475,-70.000166487
38.72925,-70.000166487
38.73375,-70.000166487
38.73825,-70.000166487
38.74275,-70.000166487
38.74725,-70.000166487
38.75175,-70.000166487
38.75625,-70.000166487
38.76075,-70.000166487
38.76525,-70.000166487
38.76975,-70.000166487
38.77425,-70.000166487
38.43225,-70.004666487
38.43675,-70.004666487
38.44125,-70.004666487
38.44575,-70.004666487
38.45025,-70.004666487
38.45475,-70.004666487
38.45925,-70.004666487
38.46375,-70.004666487
38.46825,-70.004666487
38.47275,-70.004666487
38.47725,-70.004666487
38.48175,-70.004666487
38.48625,-70.004666487
38.49075,-70.004666487
38.49525,-70.004666487
38.49975,-70.004666487
38.50425,-70.004666487
38.50875,-70.004666487
38.51325,-70.004666487
38.51775,-70.004666487
38.52225,-70.004666487
38.52675,-70.004666487
38.53125,-70.004666487
38.53575,-70.004666487
38.54025,-70.004666487
38.54475,-70.004666487
38.54925,-70.004666487
38.55375,-70.004666487
38.55825,-70.004666487
38.56275,-70.004666487
38.56725,-70.004666487
38.57175,-70.004666487
38.57625,-70.004666487
38.58075,-70.004666487
38.58525,-70.004666487
38.58975,-70.004666487
38.59425,-70.004666487
38.59875,-70.004666487
38.60325,-70.004666487
38.60775,-70.004666487
38.61225,-70.004666487
38.61675,-70.004666487
38.62125,-70.004666487
38.62575,-70.004666487
38.63025,-70.004666487
38.63475,-70.004666487
38.63925,-70.004666487
38.64375,-70.004666487
38.64825,-70.004666487
38.65275,-70.004666487
38.65725,-70.004666487
38.66175,-70.004666487
38.66625,-70.004666487
38.67075,-70.004666487
38.67525,-70.004666487
38.67975,-70.004666487
38.68425,-70.004666487
38.68875,-70.004666487
38.69325,-70.004666487
38.69775,-70.004666487
38.70225,-70.004666487
38.70675,-70.004666487
38.71125,-70.004666487
38.71575,-70.004666487
38.72025,-70.004666487
38.72475,-70.004666487
38.72925,-70.004666487
38.73375,-70.004666487
38.73825,-70.004666487
38.74275,-70.004666487
38.74725,-70.004666487
38.75175,-70.004666487
38.75625,-70.004666487
38.76075,-70.004666487
38.76525,-70.004666487
38.76975,-70.004666487
38.77425,-70.004666487
38.77875,-70.004666487
38.43225,-70.009166487
38.43675,-70.009166487
38.44125,-70.009166487
38.44575,-70.009166487
38.45025,-70.009166487
38.45475,-70.009166487
38.45925,-70.009166487
38.46375,-70.009166487
38.46825,-70.009166487
38.47275,-70.009166487
38.47725,-70.009166487
38.48175,-70.009166487
38.48625,-70.009166487
38.49075,-70.009166487
38.49525,-70.009166487
38.49975,-70.009166487
38.50425,-70.009166487
38.50875,-70.009166487
38.51325,-70.009166487
38.51775,-70.009166487
38.52225,-70.009166487
38.52675,-70.009166487
38.53125,-70.009166487
38.53575,-70.009166487
38.54025,-70.009166487
38.54475,-70.009166487
38.54925,-70.009166487
38.55375,-70.009166487
38.55825,-70.009166487
38.56275,-70.009166487
38.56725,-70.009166487
38.57175,-70.009166487
38.57625,-70.009166487
38.58075,-70.009166487
38.58525,-70.009166487
38.58975,-70.009166487
38.59425,-70.009166487
38.59875,-70.009166487
38.60325,-70.009166487
38.60775,-70.009166487
38.61225,-70.009166487
38.61675,-70.009166487
38.62125,-70.009166487
38.62575,-70.009166487
38.63025,-70.009166487
38.63475,-70.009166487
38.63925,-70.009166487
38.64375,-70.009166487
38.64825,-70.009166487
38.65275,-70.009166487
38.65725,-70.009166487
38.66175,-70.009166487
38.66625,-70.009166487
38.67075,-70.009166487
38.67525,-70.009166487
38.67975,-70.009166487
38.68425,-70.009166487
38.68875,-70.009166487
38.69325,-70.009166487
38.69775,-70.009166487
38.70225,-70.009166487
38.70675,-70.009166487
38.71125,-70.009166487
38.71575,-70.009166487
38.72025,-70.009166487
38.72475,-70.009166487
38.72925,-70.009166487
38.73375,-70.009166487
38.73825,-70.009166487
38.74275,-70.009166487
38.74725,-70.009166487
38.75175,-70.009166487
38.75625,-70.009166487
38.76075,-70.009166487
38.76525,-70.009166487
38.76975,-70.009166487
38.77425,-70.009166487
38.77875,-70.009166487
38.78325,-70.009166487
38.43225,-70.013666487
38.43675,-70.013666487
38.44125,-70.013666487
38.44575,-70.013666487
38.45025,-70.013666487
38.45475,-70.013666487
38.45925,-70.013666487
38.46375,-70.013666487
38.46825,-70.013666487
38.47275,-70.013666487
38.47725,-70.013666487
38.48175,-70.013666487
38.48625,-70.013666487
38.49075,-70.013666487
38.49525,-70.013666487
38.49975,-70.013666487
38.50425,-70.013666487
38.50875,-70.013666487
38.51325,-70.013666487
38.51775,-70.013666487
38.52225,-70.013666487
38.52675,-70.013666487
38.53125,-70.013666487
38.53575,-70.013666487
38.54025,-70.013666487
38.54475,-70.013666487
38.54925,-70.013666487
38.55375,-70.013666487
38.55825,-70.013666487
38.56275,-70.013666487
38.56725,-70.013666487
38.57175,-70.013666487
38.57625,-70.013666487
38.58075,-70.013666487
38.58525,-70.013666487
38.58975,-70.013666487
38.59425,-70.013666487
38.59875,-70.013666487
38.60325,-70.013666487
38.60775,-70.013666487
38.61225,-70.013666487
38.61675,-70.013666487
38.62125,-70.013666487
38.62575,-70.013666487
38.63025,-70.013666487
38.63475,-70.013666487
38.63925,-70.013666487
38.64375,-70.013666487
38.64825,-70.013666487
38.65275,-70.013666487
38.65725,-70.013666487
38.66175,-70.013666487
38.66625,-70.013666487
38.67075,-70.013666487
38.67525,-70.013666487
38.67975,-70.013666487
38.68425,-70.013666487
38.68875,-70.013666487
38.69325,-70.013666487
38.69775,-70.013666487
38.70225,-70.013666487
38.70675,-70.013666487
38.71125,-70.013666487
38.71575,-70.013666487
38.72025,-70.013666487
38.72475,-70.013666487
38.72925,-70.013666487
38.73375,-70.013666487
38.73825,-70.013666487
38.74275,-70.013666487
38.74725,-70.013666487
38.75175,-70.013666487
38.75625,-70.013666487
38.76075,-70.013666487
38.76525,-70.013666487
38.76975,-70.013666487
38.77425,-70.013666487
38.77875,-70.013666487
38.78325,-70.013666487
38.78775,-70.013666487
38.43225,-70.018166487
38.43675,-70.018166487
38.44125,-70.018166487
38.44575,-70.018166487
38.45025,-70.018166487
38.45475,-70.018166487
38.45925,-70.018166487
38.46375,-70.018166487
38.46825,-70.018166487
38.47275,-70.018166487
38.47725,-70.018166487
38.48175,-70.018166487
38.48625,-70.018166487
38.49075,-70.018166487
38.49525,-70.018166487
38.49975,-70.018166487
38.50425,-70.018166487
38.50875,-70.018166487
38.51325,-70.018166487
38.51775,-70.018166487
38.52225,-70.018166487
38.52675,-70.018166487
38.53125,-70.018166487
38.53575,-70.018166487
38.54025,-70.018166487
38.54475,-70.018166487
38.54925,-70.018166487
38.55375,-70.018166487
38.55825,-70.018166487
38.56275,-70.018166487
38.56725,-70.018166487
38.57175,-70.018166487
38.57625,-70.018166487
38.58075,-70.018166487
38.58525,-70.018166487
38.58975,-70.018166487
38.59425,-70.018166487
38.59875,-70.018166487
38.60325,-70.018166487
38.60775,-70.018166487
38.61225,-70.018166487
38.61675,-70.018166487
38.62125,-70.018166487
38.62575,-70.018166487
38.63025,-70.018166487
38.63475,-70.018166487
38.63925,-70.018166487
38.64375,-70.018166487
38.64825,-70.018166487
38.65275,-70.018166487
38.65725,-70.018166487
38.66175,-70.018166487
38.66625,-70.018166487
38.67075,-70.018166487
38.67525,-70.018166487
38.67975,-70.018166487
38.68425,-70.018166487
38.68875,-70.018166487
38.69325,-70.018166487
38.69775,-70.018166487
38.70225,-70.018166487
38.70675,-70.018166487
38.71125,-70.018166487
38.71575,-70.018166487
38.72025,-70.018166487
38.72475,-70.018166487
38.72925,-70.018166487
38.73375,-70.018166487
38.73825,-70.018166487
38.74275,-70.018166487
38.74725,-70.018166487
38.75175,-70.018166487
38.75625,-70.018166487
38.76075,-70.018166487
38.76525,-70.018166487
38.76975,-70.018166487
38.77425,-70.018166487
38.77875,-70.018166487
38.78325,-70.018166487
38.78775,-70.018166487
38.79225,-70.018166487
38.43225,-70.022666487
38.43675,-70.022666487
38.44125,-70.022666487
38.44575,-70.022666487
38.45025,-70.022666487
38.45475,-70.022666487
38.45925,-70.022666487
38.46375,-70.022666487
38.46825,-70.022666487
38.47275,-70.022666487
38.47725,-70.022666487
38.48175,-70.022666487
38.48625,-70.022666487
38.49075,-70.022666487
38.49525,-70.022666487
38.49975,-70.022666487
38.50425,-70.022666487
38.50875,-70.022666487
38.51325,-70.022666487
38.51775,-70.022666487
38.52225,-70.022666487
38.52675,-70.022666487
38.53125,-70.022666487
38.53575,-70.022666487
38.54025,-70.022666487
38.54475,-70.022666487
38.54925,-70.022666487
38.55375,-70.022666487
38.55825,-70.022666487
38.56275,-70.022666487
38.56725,-70.022666487
38.57175,-70.022666487
38.57625,-70.022666487
38.58075,-70.022666487
38.58525,-70.022666487
38.58975,-70.022666487
38.59425,-70.022666487
38.59875,-70.022666487
38.60325,-70.022666487
38.60775,-70.022666487
38.61225,-70.022666487
38.61675,-70.022666487
38.62125,-70.022666487
38.62575,-70.022666487
38.63025,-70.022666487
38.63475,-70.022666487
38.63925,-70.022666487
38.64375,-70.022666487
38.64825,-70.022666487
38.65275,-70.022666487
38.65725,-70.022666487
38.66175,-70.022666487
38.66625,-70.022666487
38.67075,-70.022666487
38.67525,-70.022666487
38.67975,-70.022666487
38.68425,-70.022666487
38.68875,-70.022666487
38.69325,-70.022666487
38.69775,-70.022666487
38.70225,-70.022666487
38.70675,-70.022666487
38.71125,-70.022666487
38.71575,-70.022666487
38.72025,-70.022666487
38.72475,-70.022666487
38.72925,-70.022666487
38.73375,-70.022666487
38.73825,-70.022666487
38.74275,-70.022666487
38.74725,-70.022666487
38.75175,-70.022666487
38.75625,-70.022666487
38.76075,-70.022666487
38.76525,-70.022666487
38.76975,-70.022666487
38.77425,-70.022666487
38.77875,-70.022666487
38.78325,-70.022666487
38.78775,-70.022666487
38.79225,-70.022666487
38.79675,-70.022666487
38.80125,-70.022666487
38.43225,-70.0271664869999
38.43675,-70.0271664869999
38.44125,-70.0271664869999
38.44575,-70.0271664869999
38.45025,-70.0271664869999
38.45475,-70.0271664869999
38.45925,-70.0271664869999
38.46375,-70.0271664869999
38.46825,-70.0271664869999
38.47275,-70.0271664869999
38.47725,-70.0271664869999
38.48175,-70.0271664869999
38.48625,-70.0271664869999
38.49075,-70.0271664869999
38.49525,-70.0271664869999
38.49975,-70.0271664869999
38.50425,-70.0271664869999
38.50875,-70.0271664869999
38.51325,-70.0271664869999
38.51775,-70.0271664869999
38.52225,-70.0271664869999
38.52675,-70.0271664869999
38.53125,-70.0271664869999
38.53575,-70.0271664869999
38.54025,-70.0271664869999
38.54475,-70.0271664869999
38.54925,-70.0271664869999
38.55375,-70.0271664869999
38.55825,-70.0271664869999
38.56275,-70.0271664869999
38.56725,-70.0271664869999
38.57175,-70.0271664869999
38.57625,-70.0271664869999
38.58075,-70.0271664869999
38.58525,-70.0271664869999
38.58975,-70.0271664869999
38.59425,-70.0271664869999
38.59875,-70.0271664869999
38.60325,-70.0271664869999
38.60775,-70.0271664869999
38.61225,-70.0271664869999
38.61675,-70.0271664869999
38.62125,-70.0271664869999
38.62575,-70.0271664869999
38.63025,-70.0271664869999
38.63475,-70.0271664869999
38.63925,-70.0271664869999
38.64375,-70.0271664869999
38.64825,-70.0271664869999
38.65275,-70.0271664869999
38.65725,-70.0271664869999
38.66175,-70.0271664869999
38.66625,-70.0271664869999
38.67075,-70.0271664869999
38.67525,-70.0271664869999
38.67975,-70.0271664869999
38.68425,-70.0271664869999
38.68875,-70.0271664869999
38.69325,-70.0271664869999
38.69775,-70.0271664869999
38.70225,-70.0271664869999
38.70675,-70.0271664869999
38.71125,-70.0271664869999
38.71575,-70.0271664869999
38.72025,-70.0271664869999
38.72475,-70.0271664869999
38.72925,-70.0271664869999
38.73375,-70.0271664869999
38.73825,-70.0271664869999
38.74275,-70.0271664869999
38.74725,-70.0271664869999
38.75175,-70.0271664869999
38.75625,-70.0271664869999
38.76075,-70.0271664869999
38.76525,-70.0271664869999
38.76975,-70.0271664869999
38.77425,-70.0271664869999
38.77875,-70.0271664869999
38.78325,-70.0271664869999
38.78775,-70.0271664869999
38.79225,-70.0271664869999
38.79675,-70.0271664869999
38.80125,-70.0271664869999
38.80575,-70.0271664869999
38.43225,-70.0316664869999
38.43675,-70.0316664869999
38.44125,-70.0316664869999
38.44575,-70.0316664869999
38.45025,-70.0316664869999
38.45475,-70.0316664869999
38.45925,-70.0316664869999
38.46375,-70.0316664869999
38.46825,-70.0316664869999
38.47275,-70.0316664869999
38.47725,-70.0316664869999
38.48175,-70.0316664869999
38.48625,-70.0316664869999
38.49075,-70.0316664869999
38.49525,-70.0316664869999
38.49975,-70.0316664869999
38.50425,-70.0316664869999
38.50875,-70.0316664869999
38.51325,-70.0316664869999
38.51775,-70.0316664869999
38.52225,-70.0316664869999
38.52675,-70.0316664869999
38.53125,-70.0316664869999
38.53575,-70.0316664869999
38.54025,-70.0316664869999
38.54475,-70.0316664869999
38.54925,-70.0316664869999
38.55375,-70.0316664869999
38.55825,-70.0316664869999
38.56275,-70.0316664869999
38.56725,-70.0316664869999
38.57175,-70.0316664869999
38.57625,-70.0316664869999
38.58075,-70.0316664869999
38.58525,-70.0316664869999
38.58975,-70.0316664869999
38.59425,-70.0316664869999
38.59875,-70.0316664869999
38.60325,-70.0316664869999
38.60775,-70.0316664869999
38.61225,-70.0316664869999
38.61675,-70.0316664869999
38.62125,-70.0316664869999
38.62575,-70.0316664869999
38.63025,-70.0316664869999
38.63475,-70.0316664869999
38.63925,-70.0316664869999
38.64375,-70.0316664869999
38.64825,-70.0316664869999
38.65275,-70.0316664869999
38.65725,-70.0316664869999
38.66175,-70.0316664869999
38.66625,-70.0316664869999
38.67075,-70.0316664869999
38.67525,-70.0316664869999
38.67975,-70.0316664869999
38.68425,-70.0316664869999
38.68875,-70.0316664869999
38.69325,-70.0316664869999
38.69775,-70.0316664869999
38.70225,-70.0316664869999
38.70675,-70.0316664869999
38.71125,-70.0316664869999
38.71575,-70.0316664869999
38.72025,-70.0316664869999
38.72475,-70.0316664869999
38.72925,-70.0316664869999
38.73375,-70.0316664869999
38.73825,-70.0316664869999
38.74275,-70.0316664869999
38.74725,-70.0316664869999
38.75175,-70.0316664869999
38.75625,-70.0316664869999
38.76075,-70.0316664869999
38.76525,-70.0316664869999
38.76975,-70.0316664869999
38.77425,-70.0316664869999
38.77875,-70.0316664869999
38.78325,-70.0316664869999
38.78775,-70.0316664869999
38.79225,-70.0316664869999
38.79675,-70.0316664869999
38.80125,-70.0316664869999
38.80575,-70.0316664869999
38.81025,-70.0316664869999
38.44575,-70.0361664869999
38.45025,-70.0361664869999
38.45475,-70.0361664869999
38.45925,-70.0361664869999
38.46375,-70.0361664869999
38.46825,-70.0361664869999
38.47275,-70.0361664869999
38.47725,-70.0361664869999
38.48175,-70.0361664869999
38.48625,-70.0361664869999
38.49075,-70.0361664869999
38.49525,-70.0361664869999
38.49975,-70.0361664869999
38.50425,-70.0361664869999
38.50875,-70.0361664869999
38.51325,-70.0361664869999
38.51775,-70.0361664869999
38.52225,-70.0361664869999
38.52675,-70.0361664869999
38.53125,-70.0361664869999
38.53575,-70.0361664869999
38.54025,-70.0361664869999
38.54475,-70.0361664869999
38.54925,-70.0361664869999
38.55375,-70.0361664869999
38.55825,-70.0361664869999
38.56275,-70.0361664869999
38.56725,-70.0361664869999
38.57175,-70.0361664869999
38.57625,-70.0361664869999
38.58075,-70.0361664869999
38.58525,-70.0361664869999
38.58975,-70.0361664869999
38.59425,-70.0361664869999
38.59875,-70.0361664869999
38.60325,-70.0361664869999
38.60775,-70.0361664869999
38.61225,-70.0361664869999
38.61675,-70.0361664869999
38.62125,-70.0361664869999
38.62575,-70.0361664869999
38.63025,-70.0361664869999
38.63475,-70.0361664869999
38.63925,-70.0361664869999
38.64375,-70.0361664869999
38.64825,-70.0361664869999
38.65275,-70.0361664869999
38.65725,-70.0361664869999
38.66175,-70.0361664869999
38.66625,-70.0361664869999
38.67075,-70.0361664869999
38.67525,-70.0361664869999
38.67975,-70.0361664869999
38.68425,-70.0361664869999
38.68875,-70.0361664869999
38.69325,-70.0361664869999
38.69775,-70.0361664869999
38.70225,-70.0361664869999
38.70675,-70.0361664869999
38.71125,-70.0361664869999
38.71575,-70.0361664869999
38.72025,-70.0361664869999
38.72475,-70.0361664869999
38.72925,-70.0361664869999
38.73375,-70.0361664869999
38.73825,-70.0361664869999
38.74275,-70.0361664869999
38.74725,-70.0361664869999
38.75175,-70.0361664869999
38.75625,-70.0361664869999
38.76075,-70.0361664869999
38.76525,-70.0361664869999
38.76975,-70.0361664869999
38.77425,-70.0361664869999
38.77875,-70.0361664869999
38.78325,-70.0361664869999
38.78775,-70.0361664869999
38.79225,-70.0361664869999
38.79675,-70.0361664869999
38.80125,-70.0361664869999
38.80575,-70.0361664869999
38.81025,-70.0361664869999
38.81475,-70.0361664869999
38.81925,-70.0361664869999
38.45925,-70.0406664869999
38.46375,-70.0406664869999
38.46825,-70.0406664869999
38.47275,-70.0406664869999
38.47725,-70.0406664869999
38.48175,-70.0406664869999
38.48625,-70.0406664869999
38.49075,-70.0406664869999
38.49525,-70.0406664869999
38.49975,-70.0406664869999
38.50425,-70.0406664869999
38.50875,-70.0406664869999
38.51325,-70.0406664869999
38.51775,-70.0406664869999
38.52225,-70.0406664869999
38.52675,-70.0406664869999
38.53125,-70.0406664869999
38.53575,-70.0406664869999
38.54025,-70.0406664869999
38.54475,-70.0406664869999
38.54925,-70.0406664869999
38.55375,-70.0406664869999
38.55825,-70.0406664869999
38.56275,-70.0406664869999
38.56725,-70.0406664869999
38.57175,-70.0406664869999
38.57625,-70.0406664869999
38.58075,-70.0406664869999
38.58525,-70.0406664869999
38.58975,-70.0406664869999
38.59425,-70.0406664869999
38.59875,-70.0406664869999
38.60325,-70.0406664869999
38.60775,-70.0406664869999
38.61225,-70.0406664869999
38.61675,-70.0406664869999
38.62125,-70.0406664869999
38.62575,-70.0406664869999
38.63025,-70.0406664869999
38.63475,-70.0406664869999
38.63925,-70.0406664869999
38.64375,-70.0406664869999
38.64825,-70.0406664869999
38.65275,-70.0406664869999
38.65725,-70.0406664869999
38.66175,-70.0406664869999
38.66625,-70.0406664869999
38.67075,-70.0406664869999
38.67525,-70.0406664869999
38.67975,-70.0406664869999
38.68425,-70.0406664869999
38.68875,-70.0406664869999
38.69325,-70.0406664869999
38.69775,-70.0406664869999
38.70225,-70.0406664869999
38.70675,-70.0406664869999
38.71125,-70.0406664869999
38.71575,-70.0406664869999
38.72025,-70.0406664869999
38.72475,-70.0406664869999
38.72925,-70.0406664869999
38.73375,-70.0406664869999
38.73825,-70.0406664869999
38.74275,-70.0406664869999
38.74725,-70.0406664869999
38.75175,-70.0406664869999
38.75625,-70.0406664869999
38.76075,-70.0406664869999
38.76525,-70.0406664869999
38.76975,-70.0406664869999
38.77425,-70.0406664869999
38.77875,-70.0406664869999
38.78325,-70.0406664869999
38.78775,-70.0406664869999
38.79225,-70.0406664869999
38.79675,-70.0406664869999
38.80125,-70.0406664869999
38.80575,-70.0406664869999
38.81025,-70.0406664869999
38.81475,-70.0406664869999
38.81925,-70.0406664869999
38.82375,-70.0406664869999
38.46375,-70.0451664869999
38.46825,-70.0451664869999
38.47275,-70.0451664869999
38.47725,-70.0451664869999
38.48175,-70.0451664869999
38.48625,-70.0451664869999
38.49075,-70.0451664869999
38.49525,-70.0451664869999
38.49975,-70.0451664869999
38.50425,-70.0451664869999
38.50875,-70.0451664869999
38.51325,-70.0451664869999
38.51775,-70.0451664869999
38.52225,-70.0451664869999
38.52675,-70.0451664869999
38.53125,-70.0451664869999
38.53575,-70.0451664869999
38.54025,-70.0451664869999
38.54475,-70.0451664869999
38.54925,-70.0451664869999
38.55375,-70.0451664869999
38.55825,-70.0451664869999
38.56275,-70.0451664869999
38.56725,-70.0451664869999
38.57175,-70.0451664869999
38.57625,-70.0451664869999
38.58075,-70.0451664869999
38.58525,-70.0451664869999
38.58975,-70.0451664869999
38.59425,-70.0451664869999
38.59875,-70.0451664869999
38.60325,-70.0451664869999
38.60775,-70.0451664869999
38.61225,-70.0451664869999
38.61675,-70.0451664869999
38.62125,-70.0451664869999
38.62575,-70.0451664869999
38.63025,-70.0451664869999
38.63475,-70.0451664869999
38.63925,-70.0451664869999
38.64375,-70.0451664869999
38.64825,-70.0451664869999
38.65275,-70.0451664869999
38.65725,-70.0451664869999
38.66175,-70.0451664869999
38.66625,-70.0451664869999
38.67075,-70.0451664869999
38.67525,-70.0451664869999
38.67975,-70.0451664869999
38.68425,-70.0451664869999
38.68875,-70.0451664869999
38.69325,-70.0451664869999
38.69775,-70.0451664869999
38.70225,-70.0451664869999
38.70675,-70.0451664869999
38.71125,-70.0451664869999
38.71575,-70.0451664869999
38.72025,-70.0451664869999
38.72475,-70.0451664869999
38.72925,-70.0451664869999
38.73375,-70.0451664869999
38.73825,-70.0451664869999
38.74275,-70.0451664869999
38.74725,-70.0451664869999
38.75175,-70.0451664869999
38.75625,-70.0451664869999
38.76075,-70.0451664869999
38.76525,-70.0451664869999
38.76975,-70.0451664869999
38.77425,-70.0451664869999
38.77875,-70.0451664869999
38.78325,-70.0451664869999
38.78775,-70.0451664869999
38.79225,-70.0451664869999
38.79675,-70.0451664869999
38.80125,-70.0451664869999
38.80575,-70.0451664869999
38.81025,-70.0451664869999
38.81475,-70.0451664869999
38.81925,-70.0451664869999
38.82375,-70.0451664869999
38.82825,-70.0451664869999
38.47275,-70.0496664869999
38.47725,-70.0496664869999
38.48175,-70.0496664869999
38.48625,-70.0496664869999
38.49075,-70.0496664869999
38.49525,-70.0496664869999
38.49975,-70.0496664869999
38.50425,-70.0496664869999
38.50875,-70.0496664869999
38.51325,-70.0496664869999
38.51775,-70.0496664869999
38.52225,-70.0496664869999
38.52675,-70.0496664869999
38.53125,-70.0496664869999
38.53575,-70.0496664869999
38.54025,-70.0496664869999
38.54475,-70.0496664869999
38.54925,-70.0496664869999
38.55375,-70.0496664869999
38.55825,-70.0496664869999
38.56275,-70.0496664869999
38.56725,-70.0496664869999
38.57175,-70.0496664869999
38.57625,-70.0496664869999
38.58075,-70.0496664869999
38.58525,-70.0496664869999
38.58975,-70.0496664869999
38.59425,-70.0496664869999
38.59875,-70.0496664869999
38.60325,-70.0496664869999
38.60775,-70.0496664869999
38.61225,-70.0496664869999
38.61675,-70.0496664869999
38.62125,-70.0496664869999
38.62575,-70.0496664869999
38.63025,-70.0496664869999
38.63475,-70.0496664869999
38.63925,-70.0496664869999
38.64375,-70.0496664869999
38.64825,-70.0496664869999
38.65275,-70.0496664869999
38.65725,-70.0496664869999
38.66175,-70.0496664869999
38.66625,-70.0496664869999
38.67075,-70.0496664869999
38.67525,-70.0496664869999
38.67975,-70.0496664869999
38.68425,-70.0496664869999
38.68875,-70.0496664869999
38.69325,-70.0496664869999
38.69775,-70.0496664869999
38.70225,-70.0496664869999
38.70675,-70.0496664869999
38.71125,-70.0496664869999
38.71575,-70.0496664869999
38.72025,-70.0496664869999
38.72475,-70.0496664869999
38.72925,-70.0496664869999
38.73375,-70.0496664869999
38.73825,-70.0496664869999
38.74275,-70.0496664869999
38.74725,-70.0496664869999
38.75175,-70.0496664869999
38.75625,-70.0496664869999
38.76075,-70.0496664869999
38.76525,-70.0496664869999
38.76975,-70.0496664869999
38.77425,-70.0496664869999
38.77875,-70.0496664869999
38.78325,-70.0496664869999
38.78775,-70.0496664869999
38.79225,-70.0496664869999
38.79675,-70.0496664869999
38.80125,-70.0496664869999
38.80575,-70.0496664869999
38.48175,-70.0541664869999
38.48625,-70.0541664869999
38.49075,-70.0541664869999
38.49525,-70.0541664869999
38.49975,-70.0541664869999
38.50425,-70.0541664869999
38.50875,-70.0541664869999
38.51325,-70.0541664869999
38.51775,-70.0541664869999
38.52225,-70.0541664869999
38.52675,-70.0541664869999
38.53125,-70.0541664869999
38.53575,-70.0541664869999
38.54025,-70.0541664869999
38.54475,-70.0541664869999
38.54925,-70.0541664869999
38.55375,-70.0541664869999
38.55825,-70.0541664869999
38.56275,-70.0541664869999
38.56725,-70.0541664869999
38.57175,-70.0541664869999
38.57625,-70.0541664869999
38.58075,-70.0541664869999
38.58525,-70.0541664869999
38.58975,-70.0541664869999
38.59425,-70.0541664869999
38.59875,-70.0541664869999
38.60325,-70.0541664869999
38.60775,-70.0541664869999
38.61225,-70.0541664869999
38.61675,-70.0541664869999
38.62125,-70.0541664869999
38.62575,-70.0541664869999
38.63025,-70.0541664869999
38.63475,-70.0541664869999
38.63925,-70.0541664869999
38.64375,-70.0541664869999
38.64825,-70.0541664869999
38.65275,-70.0541664869999
38.65725,-70.0541664869999
38.66175,-70.0541664869999
38.66625,-70.0541664869999
38.67075,-70.0541664869999
38.67525,-70.0541664869999
38.67975,-70.0541664869999
38.68425,-70.0541664869999
38.68875,-70.0541664869999
38.69325,-70.0541664869999
38.69775,-70.0541664869999
38.70225,-70.0541664869999
38.70675,-70.0541664869999
38.71125,-70.0541664869999
38.71575,-70.0541664869999
38.72025,-70.0541664869999
38.72475,-70.0541664869999
38.72925,-70.0541664869999
38.73375,-70.0541664869999
38.73825,-70.0541664869999
38.74275,-70.0541664869999
38.74725,-70.0541664869999
38.75175,-70.0541664869999
38.75625,-70.0541664869999
38.76075,-70.0541664869999
38.76525,-70.0541664869999
38.76975,-70.0541664869999
38.77425,-70.0541664869999
38.77875,-70.0541664869999
38.78325,-70.0541664869999
38.78775,-70.0541664869999
38.79225,-70.0541664869999
38.79675,-70.0541664869999
38.48625,-70.0586664869999
38.49075,-70.0586664869999
38.49525,-70.0586664869999
38.49975,-70.0586664869999
38.50425,-70.0586664869999
38.50875,-70.0586664869999
38.51325,-70.0586664869999
38.51775,-70.0586664869999
38.52225,-70.0586664869999
38.52675,-70.0586664869999
38.53125,-70.0586664869999
38.53575,-70.0586664869999
38.54025,-70.0586664869999
38.54475,-70.0586664869999
38.54925,-70.0586664869999
38.55375,-70.0586664869999
38.55825,-70.0586664869999
38.56275,-70.0586664869999
38.56725,-70.0586664869999
38.57175,-70.0586664869999
38.57625,-70.0586664869999
38.58075,-70.0586664869999
38.58525,-70.0586664869999
38.58975,-70.0586664869999
38.59425,-70.0586664869999
38.59875,-70.0586664869999
38.60325,-70.0586664869999
38.60775,-70.0586664869999
38.61225,-70.0586664869999
38.61675,-70.0586664869999
38.62125,-70.0586664869999
38.62575,-70.0586664869999
38.63025,-70.0586664869999
38.63475,-70.0586664869999
38.63925,-70.0586664869999
38.64375,-70.0586664869999
38.64825,-70.0586664869999
38.65275,-70.0586664869999
38.65725,-70.0586664869999
38.66175,-70.0586664869999
38.66625,-70.0586664869999
38.67075,-70.0586664869999
38.67525,-70.0586664869999
38.67975,-70.0586664869999
38.68425,-70.0586664869999
38.68875,-70.0586664869999
38.69325,-70.0586664869999
38.69775,-70.0586664869999
38.70225,-70.0586664869999
38.70675,-70.0586664869999
38.71125,-70.0586664869999
38.71575,-70.0586664869999
38.72025,-70.0586664869999
38.72475,-70.0586664869999
38.72925,-70.0586664869999
38.73375,-70.0586664869999
38.73825,-70.0586664869999
38.74275,-70.0586664869999
38.74725,-70.0586664869999
38.75175,-70.0586664869999
38.75625,-70.0586664869999
38.76075,-70.0586664869999
38.76525,-70.0586664869999
38.76975,-70.0586664869999
38.77425,-70.0586664869999
38.77875,-70.0586664869999
38.78325,-70.0586664869999
38.78775,-70.0586664869999
38.79225,-70.0586664869999
38.79675,-70.0586664869999
38.80125,-70.0586664869999
38.80575,-70.0586664869999
38.49525,-70.0631664869999
38.49975,-70.0631664869999
38.50425,-70.0631664869999
38.50875,-70.0631664869999
38.51325,-70.0631664869999
38.51775,-70.0631664869999
38.52225,-70.0631664869999
38.52675,-70.0631664869999
38.53125,-70.0631664869999
38.53575,-70.0631664869999
38.54025,-70.0631664869999
38.54475,-70.0631664869999
38.54925,-70.0631664869999
38.55375,-70.0631664869999
38.55825,-70.0631664869999
38.56275,-70.0631664869999
38.56725,-70.0631664869999
38.57175,-70.0631664869999
38.57625,-70.0631664869999
38.58075,-70.0631664869999
38.58525,-70.0631664869999
38.58975,-70.0631664869999
38.59425,-70.0631664869999
38.59875,-70.0631664869999
38.60325,-70.0631664869999
38.60775,-70.0631664869999
38.61225,-70.0631664869999
38.61675,-70.0631664869999
38.62125,-70.0631664869999
38.62575,-70.0631664869999
38.63025,-70.0631664869999
38.63475,-70.0631664869999
38.63925,-70.0631664869999
38.64375,-70.0631664869999
38.64825,-70.0631664869999
38.65275,-70.0631664869999
38.65725,-70.0631664869999
38.66175,-70.0631664869999
38.66625,-70.0631664869999
38.67075,-70.0631664869999
38.67525,-70.0631664869999
38.67975,-70.0631664869999
38.68425,-70.0631664869999
38.68875,-70.0631664869999
38.69325,-70.0631664869999
38.69775,-70.0631664869999
38.70225,-70.0631664869999
38.70675,-70.0631664869999
38.71125,-70.0631664869999
38.71575,-70.0631664869999
38.72025,-70.0631664869999
38.72475,-70.0631664869999
38.72925,-70.0631664869999
38.73375,-70.0631664869999
38.73825,-70.0631664869999
38.74275,-70.0631664869999
38.74725,-70.0631664869999
38.75175,-70.0631664869999
38.75625,-70.0631664869999
38.76075,-70.0631664869999
38.76525,-70.0631664869999
38.76975,-70.0631664869999
38.77425,-70.0631664869999
38.77875,-70.0631664869999
38.78325,-70.0631664869999
38.78775,-70.0631664869999
38.79225,-70.0631664869999
38.79675,-70.0631664869999
38.80125,-70.0631664869999
38.80575,-70.0631664869999
38.81025,-70.0631664869999
38.81475,-70.0631664869999
38.49975,-70.0676664869999
38.50425,-70.0676664869999
38.50875,-70.0676664869999
38.51325,-70.0676664869999
38.51775,-70.0676664869999
38.52225,-70.0676664869999
38.52675,-70.0676664869999
38.53125,-70.0676664869999
38.53575,-70.0676664869999
38.54025,-70.0676664869999
38.54475,-70.0676664869999
38.54925,-70.0676664869999
38.55375,-70.0676664869999
38.55825,-70.0676664869999
38.56275,-70.0676664869999
38.56725,-70.0676664869999
38.57175,-70.0676664869999
38.57625,-70.0676664869999
38.58075,-70.0676664869999
38.58525,-70.0676664869999
38.58975,-70.0676664869999
38.59425,-70.0676664869999
38.59875,-70.0676664869999
38.60325,-70.0676664869999
38.60775,-70.0676664869999
38.61225,-70.0676664869999
38.61675,-70.0676664869999
38.62125,-70.0676664869999
38.62575,-70.0676664869999
38.63025,-70.0676664869999
38.63475,-70.0676664869999
38.63925,-70.0676664869999
38.64375,-70.0676664869999
38.64825,-70.0676664869999
38.65275,-70.0676664869999
38.65725,-70.0676664869999
38.66175,-70.0676664869999
38.66625,-70.0676664869999
38.67075,-70.0676664869999
38.67525,-70.0676664869999
38.67975,-70.0676664869999
38.68425,-70.0676664869999
38.68875,-70.0676664869999
38.69325,-70.0676664869999
38.69775,-70.0676664869999
38.70225,-70.0676664869999
38.70675,-70.0676664869999
38.71125,-70.0676664869999
38.71575,-70.0676664869999
38.72025,-70.0676664869999
38.72475,-70.0676664869999
38.72925,-70.0676664869999
38.73375,-70.0676664869999
38.73825,-70.0676664869999
38.74275,-70.0676664869999
38.74725,-70.0676664869999
38.75175,-70.0676664869999
38.75625,-70.0676664869999
38.76075,-70.0676664869999
38.76525,-70.0676664869999
38.76975,-70.0676664869999
38.77425,-70.0676664869999
38.77875,-70.0676664869999
38.78325,-70.0676664869999
38.78775,-70.0676664869999
38.79225,-70.0676664869999
38.79675,-70.0676664869999
38.80125,-70.0676664869999
38.80575,-70.0676664869999
38.81025,-70.0676664869999
38.81475,-70.0676664869999
38.81925,-70.0676664869999
38.82375,-70.0676664869999
38.50425,-70.0721664869999
38.50875,-70.0721664869999
38.51325,-70.0721664869999
38.51775,-70.0721664869999
38.52225,-70.0721664869999
38.52675,-70.0721664869999
38.53125,-70.0721664869999
38.53575,-70.0721664869999
38.54025,-70.0721664869999
38.54475,-70.0721664869999
38.54925,-70.0721664869999
38.55375,-70.0721664869999
38.55825,-70.0721664869999
38.56275,-70.0721664869999
38.56725,-70.0721664869999
38.57175,-70.0721664869999
38.57625,-70.0721664869999
38.58075,-70.0721664869999
38.58525,-70.0721664869999
38.58975,-70.0721664869999
38.59425,-70.0721664869999
38.59875,-70.0721664869999
38.60325,-70.0721664869999
38.60775,-70.0721664869999
38.61225,-70.0721664869999
38.61675,-70.0721664869999
38.62125,-70.0721664869999
38.62575,-70.0721664869999
38.63025,-70.0721664869999
38.63475,-70.0721664869999
38.63925,-70.0721664869999
38.64375,-70.0721664869999
38.64825,-70.0721664869999
38.65275,-70.0721664869999
38.65725,-70.0721664869999
38.66175,-70.0721664869999
38.66625,-70.0721664869999
38.67075,-70.0721664869999
38.67525,-70.0721664869999
38.67975,-70.0721664869999
38.68425,-70.0721664869999
38.68875,-70.0721664869999
38.69325,-70.0721664869999
38.69775,-70.0721664869999
38.70225,-70.0721664869999
38.70675,-70.0721664869999
38.71125,-70.0721664869999
38.71575,-70.0721664869999
38.72025,-70.0721664869999
38.72475,-70.0721664869999
38.72925,-70.0721664869999
38.73375,-70.0721664869999
38.73825,-70.0721664869999
38.74275,-70.0721664869999
38.74725,-70.0721664869999
38.75175,-70.0721664869999
38.75625,-70.0721664869999
38.76075,-70.0721664869999
38.76525,-70.0721664869999
38.76975,-70.0721664869999
38.77425,-70.0721664869999
38.77875,-70.0721664869999
38.78325,-70.0721664869999
38.78775,-70.0721664869999
38.79225,-70.0721664869999
38.79675,-70.0721664869999
38.80125,-70.0721664869999
38.80575,-70.0721664869999
38.81025,-70.0721664869999
38.81475,-70.0721664869999
38.81925,-70.0721664869999
38.82375,-70.0721664869999
38.82825,-70.0721664869999
38.83275,-70.0721664869999
38.83725,-70.0721664869999
38.50425,-70.0766664869999
38.50875,-70.0766664869999
38.51325,-70.0766664869999
38.51775,-70.0766664869999
38.52225,-70.0766664869999
38.52675,-70.0766664869999
38.53125,-70.0766664869999
38.53575,-70.0766664869999
38.54025,-70.0766664869999
38.54475,-70.0766664869999
38.54925,-70.0766664869999
38.55375,-70.0766664869999
38.55825,-70.0766664869999
38.56275,-70.0766664869999
38.56725,-70.0766664869999
38.57175,-70.0766664869999
38.57625,-70.0766664869999
38.58075,-70.0766664869999
38.58525,-70.0766664869999
38.58975,-70.0766664869999
38.59425,-70.0766664869999
38.59875,-70.0766664869999
38.60325,-70.0766664869999
38.60775,-70.0766664869999
38.61225,-70.0766664869999
38.61675,-70.0766664869999
38.62125,-70.0766664869999
38.62575,-70.0766664869999
38.63025,-70.0766664869999
38.63475,-70.0766664869999
38.63925,-70.0766664869999
38.64375,-70.0766664869999
38.64825,-70.0766664869999
38.65275,-70.0766664869999
38.65725,-70.0766664869999
38.66175,-70.0766664869999
38.66625,-70.0766664869999
38.67075,-70.0766664869999
38.67525,-70.0766664869999
38.67975,-70.0766664869999
38.68425,-70.0766664869999
38.68875,-70.0766664869999
38.69325,-70.0766664869999
38.69775,-70.0766664869999
38.70225,-70.0766664869999
38.70675,-70.0766664869999
38.71125,-70.0766664869999
38.71575,-70.0766664869999
38.72025,-70.0766664869999
38.72475,-70.0766664869999
38.72925,-70.0766664869999
38.73375,-70.0766664869999
38.73825,-70.0766664869999
38.74275,-70.0766664869999
38.74725,-70.0766664869999
38.75175,-70.0766664869999
38.75625,-70.0766664869999
38.76075,-70.0766664869999
38.76525,-70.0766664869999
38.76975,-70.0766664869999
38.77425,-70.0766664869999
38.77875,-70.0766664869999
38.78325,-70.0766664869999
38.78775,-70.0766664869999
38.79225,-70.0766664869999
38.79675,-70.0766664869999
38.80125,-70.0766664869999
38.80575,-70.0766664869999
38.81025,-70.0766664869999
38.81475,-70.0766664869999
38.81925,-70.0766664869999
38.82375,-70.0766664869999
38.82825,-70.0766664869999
38.83275,-70.0766664869999
38.83725,-70.0766664869999
38.84175,-70.0766664869999
38.84625,-70.0766664869999
38.50875,-70.0811664869999
38.51325,-70.0811664869999
38.51775,-70.0811664869999
38.52225,-70.0811664869999
38.52675,-70.0811664869999
38.53125,-70.0811664869999
38.53575,-70.0811664869999
38.54025,-70.0811664869999
38.54475,-70.0811664869999
38.54925,-70.0811664869999
38.55375,-70.0811664869999
38.55825,-70.0811664869999
38.56275,-70.0811664869999
38.56725,-70.0811664869999
38.57175,-70.0811664869999
38.57625,-70.0811664869999
38.58075,-70.0811664869999
38.58525,-70.0811664869999
38.58975,-70.0811664869999
38.59425,-70.0811664869999
38.59875,-70.0811664869999
38.60325,-70.0811664869999
38.60775,-70.0811664869999
38.61225,-70.0811664869999
38.61675,-70.0811664869999
38.62125,-70.0811664869999
38.62575,-70.0811664869999
38.63025,-70.0811664869999
38.63475,-70.0811664869999
38.63925,-70.0811664869999
38.64375,-70.0811664869999
38.64825,-70.0811664869999
38.65275,-70.0811664869999
38.65725,-70.0811664869999
38.66175,-70.0811664869999
38.66625,-70.0811664869999
38.67075,-70.0811664869999
38.67525,-70.0811664869999
38.67975,-70.0811664869999
38.68425,-70.0811664869999
38.68875,-70.0811664869999
38.69325,-70.0811664869999
38.69775,-70.0811664869999
38.70225,-70.0811664869999
38.70675,-70.0811664869999
38.71125,-70.0811664869999
38.71575,-70.0811664869999
38.72025,-70.0811664869999
38.72475,-70.0811664869999
38.72925,-70.0811664869999
38.73375,-70.0811664869999
38.73825,-70.0811664869999
38.74275,-70.0811664869999
38.74725,-70.0811664869999
38.75175,-70.0811664869999
38.75625,-70.0811664869999
38.76075,-70.0811664869999
38.76525,-70.0811664869999
38.76975,-70.0811664869999
38.77425,-70.0811664869999
38.77875,-70.0811664869999
38.78325,-70.0811664869999
38.78775,-70.0811664869999
38.79225,-70.0811664869999
38.79675,-70.0811664869999
38.80125,-70.0811664869999
38.80575,-70.0811664869999
38.81025,-70.0811664869999
38.81475,-70.0811664869999
38.81925,-70.0811664869999
38.82375,-70.0811664869999
38.82825,-70.0811664869999
38.83275,-70.0811664869999
38.83725,-70.0811664869999
38.84175,-70.0811664869999
38.84625,-70.0811664869999
38.85075,-70.0811664869999
38.85525,-70.0811664869999
38.51325,-70.0856664869999
38.51775,-70.0856664869999
38.52225,-70.0856664869999
38.52675,-70.0856664869999
38.53125,-70.0856664869999
38.53575,-70.0856664869999
38.54025,-70.0856664869999
38.54475,-70.0856664869999
38.54925,-70.0856664869999
38.55375,-70.0856664869999
38.55825,-70.0856664869999
38.56275,-70.0856664869999
38.56725,-70.0856664869999
38.57175,-70.0856664869999
38.57625,-70.0856664869999
38.58075,-70.0856664869999
38.58525,-70.0856664869999
38.58975,-70.0856664869999
38.59425,-70.0856664869999
38.59875,-70.0856664869999
38.60325,-70.0856664869999
38.60775,-70.0856664869999
38.61225,-70.0856664869999
38.61675,-70.0856664869999
38.62125,-70.0856664869999
38.62575,-70.0856664869999
38.63025,-70.0856664869999
38.63475,-70.0856664869999
38.63925,-70.0856664869999
38.64375,-70.0856664869999
38.64825,-70.0856664869999
38.65275,-70.0856664869999
38.65725,-70.0856664869999
38.66175,-70.0856664869999
38.66625,-70.0856664869999
38.67075,-70.0856664869999
38.67525,-70.0856664869999
38.67975,-70.0856664869999
38.68425,-70.0856664869999
38.68875,-70.0856664869999
38.69325,-70.0856664869999
38.69775,-70.0856664869999
38.70225,-70.0856664869999
38.70675,-70.0856664869999
38.71125,-70.0856664869999
38.71575,-70.0856664869999
38.72025,-70.0856664869999
38.72475,-70.0856664869999
38.72925,-70.0856664869999
38.73375,-70.0856664869999
38.73825,-70.0856664869999
38.74275,-70.0856664869999
38.74725,-70.0856664869999
38.75175,-70.0856664869999
38.75625,-70.0856664869999
38.76075,-70.0856664869999
38.76525,-70.0856664869999
38.76975,-70.0856664869999
38.77425,-70.0856664869999
38.77875,-70.0856664869999
38.78325,-70.0856664869999
38.78775,-70.0856664869999
38.79225,-70.0856664869999
38.79675,-70.0856664869999
38.80125,-70.0856664869999
38.80575,-70.0856664869999
38.81025,-70.0856664869999
38.81475,-70.0856664869999
38.81925,-70.0856664869999
38.82375,-70.0856664869999
38.82825,-70.0856664869999
38.83275,-70.0856664869999
38.83725,-70.0856664869999
38.84175,-70.0856664869999
38.84625,-70.0856664869999
38.85075,-70.0856664869999
38.85525,-70.0856664869999
38.85975,-70.0856664869999
38.86425,-70.0856664869999
38.86875,-70.0856664869999
38.51775,-70.0901664869998
38.52225,-70.0901664869998
38.52675,-70.0901664869998
38.53125,-70.0901664869998
38.53575,-70.0901664869998
38.54025,-70.0901664869998
38.54475,-70.0901664869998
38.54925,-70.0901664869998
38.55375,-70.0901664869998
38.55825,-70.0901664869998
38.56275,-70.0901664869998
38.56725,-70.0901664869998
38.57175,-70.0901664869998
38.57625,-70.0901664869998
38.58075,-70.0901664869998
38.58525,-70.0901664869998
38.58975,-70.0901664869998
38.59425,-70.0901664869998
38.59875,-70.0901664869998
38.60325,-70.0901664869998
38.60775,-70.0901664869998
38.61225,-70.0901664869998
38.61675,-70.0901664869998
38.62125,-70.0901664869998
38.62575,-70.0901664869998
38.63025,-70.0901664869998
38.63475,-70.0901664869998
38.63925,-70.0901664869998
38.64375,-70.0901664869998
38.64825,-70.0901664869998
38.65275,-70.0901664869998
38.65725,-70.0901664869998
38.66175,-70.0901664869998
38.66625,-70.0901664869998
38.67075,-70.0901664869998
38.67525,-70.0901664869998
38.67975,-70.0901664869998
38.68425,-70.0901664869998
38.68875,-70.0901664869998
38.69325,-70.0901664869998
38.69775,-70.0901664869998
38.70225,-70.0901664869998
38.70675,-70.0901664869998
38.71125,-70.0901664869998
38.71575,-70.0901664869998
38.72025,-70.0901664869998
38.72475,-70.0901664869998
38.72925,-70.0901664869998
38.73375,-70.0901664869998
38.73825,-70.0901664869998
38.74275,-70.0901664869998
38.74725,-70.0901664869998
38.75175,-70.0901664869998
38.75625,-70.0901664869998
38.76075,-70.0901664869998
38.76525,-70.0901664869998
38.76975,-70.0901664869998
38.77425,-70.0901664869998
38.77875,-70.0901664869998
38.78325,-70.0901664869998
38.78775,-70.0901664869998
38.79225,-70.0901664869998
38.79675,-70.0901664869998
38.80125,-70.0901664869998
38.80575,-70.0901664869998
38.81025,-70.0901664869998
38.81475,-70.0901664869998
38.81925,-70.0901664869998
38.82375,-70.0901664869998
38.82825,-70.0901664869998
38.83275,-70.0901664869998
38.83725,-70.0901664869998
38.84175,-70.0901664869998
38.84625,-70.0901664869998
38.85075,-70.0901664869998
38.85525,-70.0901664869998
38.85975,-70.0901664869998
38.86425,-70.0901664869998
38.86875,-70.0901664869998
38.87325,-70.0901664869998
38.87775,-70.0901664869998
38.52675,-70.0946664869998
38.53125,-70.0946664869998
38.53575,-70.0946664869998
38.54025,-70.0946664869998
38.54475,-70.0946664869998
38.54925,-70.0946664869998
38.55375,-70.0946664869998
38.55825,-70.0946664869998
38.56275,-70.0946664869998
38.56725,-70.0946664869998
38.57175,-70.0946664869998
38.57625,-70.0946664869998
38.58075,-70.0946664869998
38.58525,-70.0946664869998
38.58975,-70.0946664869998
38.59425,-70.0946664869998
38.59875,-70.0946664869998
38.60325,-70.0946664869998
38.60775,-70.0946664869998
38.61225,-70.0946664869998
38.61675,-70.0946664869998
38.62125,-70.0946664869998
38.62575,-70.0946664869998
38.63025,-70.0946664869998
38.63475,-70.0946664869998
38.63925,-70.0946664869998
38.64375,-70.0946664869998
38.64825,-70.0946664869998
38.65275,-70.0946664869998
38.65725,-70.0946664869998
38.66175,-70.0946664869998
38.66625,-70.0946664869998
38.67075,-70.0946664869998
38.67525,-70.0946664869998
38.67975,-70.0946664869998
38.68425,-70.0946664869998
38.68875,-70.0946664869998
38.69325,-70.0946664869998
38.69775,-70.0946664869998
38.70225,-70.0946664869998
38.70675,-70.0946664869998
38.71125,-70.0946664869998
38.71575,-70.0946664869998
38.72025,-70.0946664869998
38.72475,-70.0946664869998
38.72925,-70.0946664869998
38.73375,-70.0946664869998
38.73825,-70.0946664869998
38.74275,-70.0946664869998
38.74725,-70.0946664869998
38.75175,-70.0946664869998
38.75625,-70.0946664869998
38.76075,-70.0946664869998
38.76525,-70.0946664869998
38.76975,-70.0946664869998
38.77425,-70.0946664869998
38.77875,-70.0946664869998
38.78325,-70.0946664869998
38.78775,-70.0946664869998
38.79225,-70.0946664869998
38.79675,-70.0946664869998
38.80125,-70.0946664869998
38.80575,-70.0946664869998
38.81025,-70.0946664869998
38.81475,-70.0946664869998
38.81925,-70.0946664869998
38.82375,-70.0946664869998
38.82825,-70.0946664869998
38.83275,-70.0946664869998
38.83725,-70.0946664869998
38.84175,-70.0946664869998
38.84625,-70.0946664869998
38.85075,-70.0946664869998
38.85525,-70.0946664869998
38.85975,-70.0946664869998
38.86425,-70.0946664869998
38.86875,-70.0946664869998
38.87325,-70.0946664869998
38.87775,-70.0946664869998
38.88225,-70.0946664869998
38.88675,-70.0946664869998
38.89125,-70.0946664869998
38.53125,-70.0991664869998
38.53575,-70.0991664869998
38.54025,-70.0991664869998
38.54475,-70.0991664869998
38.54925,-70.0991664869998
38.55375,-70.0991664869998
38.55825,-70.0991664869998
38.56275,-70.0991664869998
38.56725,-70.0991664869998
38.57175,-70.0991664869998
38.57625,-70.0991664869998
38.58075,-70.0991664869998
38.58525,-70.0991664869998
38.58975,-70.0991664869998
38.59425,-70.0991664869998
38.59875,-70.0991664869998
38.60325,-70.0991664869998
38.60775,-70.0991664869998
38.61225,-70.0991664869998
38.61675,-70.0991664869998
38.62125,-70.0991664869998
38.62575,-70.0991664869998
38.63025,-70.0991664869998
38.63475,-70.0991664869998
38.63925,-70.0991664869998
38.64375,-70.0991664869998
38.64825,-70.0991664869998
38.65275,-70.0991664869998
38.65725,-70.0991664869998
38.66175,-70.0991664869998
38.66625,-70.0991664869998
38.67075,-70.0991664869998
38.67525,-70.0991664869998
38.67975,-70.0991664869998
38.68425,-70.0991664869998
38.68875,-70.0991664869998
38.69325,-70.0991664869998
38.69775,-70.0991664869998
38.70225,-70.0991664869998
38.70675,-70.0991664869998
38.71125,-70.0991664869998
38.71575,-70.0991664869998
38.72025,-70.0991664869998
38.72475,-70.0991664869998
38.72925,-70.0991664869998
38.73375,-70.0991664869998
38.73825,-70.0991664869998
38.74275,-70.0991664869998
38.74725,-70.0991664869998
38.75175,-70.0991664869998
38.75625,-70.0991664869998
38.76075,-70.0991664869998
38.76525,-70.0991664869998
38.76975,-70.0991664869998
38.77425,-70.0991664869998
38.77875,-70.0991664869998
38.78325,-70.0991664869998
38.78775,-70.0991664869998
38.79225,-70.0991664869998
38.79675,-70.0991664869998
38.80125,-70.0991664869998
38.80575,-70.0991664869998
38.81025,-70.0991664869998
38.81475,-70.0991664869998
38.81925,-70.0991664869998
38.82375,-70.0991664869998
38.82825,-70.0991664869998
38.83275,-70.0991664869998
38.83725,-70.0991664869998
38.84175,-70.0991664869998
38.84625,-70.0991664869998
38.85075,-70.0991664869998
38.85525,-70.0991664869998
38.85975,-70.0991664869998
38.86425,-70.0991664869998
38.86875,-70.0991664869998
38.87325,-70.0991664869998
38.87775,-70.0991664869998
38.88225,-70.0991664869998
38.88675,-70.0991664869998
38.89125,-70.0991664869998
38.89575,-70.0991664869998
38.90025,-70.0991664869998
38.53125,-70.1036664869998
38.53575,-70.1036664869998
38.54025,-70.1036664869998
38.54475,-70.1036664869998
38.54925,-70.1036664869998
38.55375,-70.1036664869998
38.55825,-70.1036664869998
38.56275,-70.1036664869998
38.56725,-70.1036664869998
38.57175,-70.1036664869998
38.57625,-70.1036664869998
38.58075,-70.1036664869998
38.58525,-70.1036664869998
38.58975,-70.1036664869998
38.59425,-70.1036664869998
38.59875,-70.1036664869998
38.60325,-70.1036664869998
38.60775,-70.1036664869998
38.61225,-70.1036664869998
38.61675,-70.1036664869998
38.62125,-70.1036664869998
38.62575,-70.1036664869998
38.63025,-70.1036664869998
38.63475,-70.1036664869998
38.63925,-70.1036664869998
38.64375,-70.1036664869998
38.64825,-70.1036664869998
38.65275,-70.1036664869998
38.65725,-70.1036664869998
38.66175,-70.1036664869998
38.66625,-70.1036664869998
38.67075,-70.1036664869998
38.67525,-70.1036664869998
38.67975,-70.1036664869998
38.68425,-70.1036664869998
38.68875,-70.1036664869998
38.69325,-70.1036664869998
38.69775,-70.1036664869998
38.70225,-70.1036664869998
38.70675,-70.1036664869998
38.71125,-70.1036664869998
38.71575,-70.1036664869998
38.72025,-70.1036664869998
38.72475,-70.1036664869998
38.72925,-70.1036664869998
38.73375,-70.1036664869998
38.73825,-70.1036664869998
38.74275,-70.1036664869998
38.74725,-70.1036664869998
38.75175,-70.1036664869998
38.75625,-70.1036664869998
38.76075,-70.1036664869998
38.76525,-70.1036664869998
38.76975,-70.1036664869998
38.77425,-70.1036664869998
38.77875,-70.1036664869998
38.78325,-70.1036664869998
38.78775,-70.1036664869998
38.79225,-70.1036664869998
38.79675,-70.1036664869998
38.80125,-70.1036664869998
38.80575,-70.1036664869998
38.81025,-70.1036664869998
38.81475,-70.1036664869998
38.81925,-70.1036664869998
38.82375,-70.1036664869998
38.82825,-70.1036664869998
38.83275,-70.1036664869998
38.83725,-70.1036664869998
38.84175,-70.1036664869998
38.84625,-70.1036664869998
38.85075,-70.1036664869998
38.85525,-70.1036664869998
38.85975,-70.1036664869998
38.86425,-70.1036664869998
38.86875,-70.1036664869998
38.87325,-70.1036664869998
38.87775,-70.1036664869998
38.88225,-70.1036664869998
38.88675,-70.1036664869998
38.89125,-70.1036664869998
38.89575,-70.1036664869998
38.90025,-70.1036664869998
38.90475,-70.1036664869998
38.90925,-70.1036664869998
38.91375,-70.1036664869998
38.53125,-70.1081664869998
38.53575,-70.1081664869998
38.54025,-70.1081664869998
38.54475,-70.1081664869998
38.54925,-70.1081664869998
38.55375,-70.1081664869998
38.55825,-70.1081664869998
38.56275,-70.1081664869998
38.56725,-70.1081664869998
38.57175,-70.1081664869998
38.57625,-70.1081664869998
38.58075,-70.1081664869998
38.58525,-70.1081664869998
38.58975,-70.1081664869998
38.59425,-70.1081664869998
38.59875,-70.1081664869998
38.60325,-70.1081664869998
38.60775,-70.1081664869998
38.61225,-70.1081664869998
38.61675,-70.1081664869998
38.62125,-70.1081664869998
38.62575,-70.1081664869998
38.63025,-70.1081664869998
38.63475,-70.1081664869998
38.63925,-70.1081664869998
38.64375,-70.1081664869998
38.64825,-70.1081664869998
38.65275,-70.1081664869998
38.65725,-70.1081664869998
38.66175,-70.1081664869998
38.66625,-70.1081664869998
38.67075,-70.1081664869998
38.67525,-70.1081664869998
38.67975,-70.1081664869998
38.68425,-70.1081664869998
38.68875,-70.1081664869998
38.69325,-70.1081664869998
38.69775,-70.1081664869998
38.70225,-70.1081664869998
38.70675,-70.1081664869998
38.71125,-70.1081664869998
38.71575,-70.1081664869998
38.72025,-70.1081664869998
38.72475,-70.1081664869998
38.72925,-70.1081664869998
38.73375,-70.1081664869998
38.73825,-70.1081664869998
38.74275,-70.1081664869998
38.74725,-70.1081664869998
38.75175,-70.1081664869998
38.75625,-70.1081664869998
38.76075,-70.1081664869998
38.76525,-70.1081664869998
38.76975,-70.1081664869998
38.77425,-70.1081664869998
38.77875,-70.1081664869998
38.78325,-70.1081664869998
38.78775,-70.1081664869998
38.79225,-70.1081664869998
38.79675,-70.1081664869998
38.80125,-70.1081664869998
38.80575,-70.1081664869998
38.81025,-70.1081664869998
38.81475,-70.1081664869998
38.81925,-70.1081664869998
38.82375,-70.1081664869998
38.82825,-70.1081664869998
38.83275,-70.1081664869998
38.83725,-70.1081664869998
38.84175,-70.1081664869998
38.84625,-70.1081664869998
38.85075,-70.1081664869998
38.85525,-70.1081664869998
38.85975,-70.1081664869998
38.86425,-70.1081664869998
38.86875,-70.1081664869998
38.87325,-70.1081664869998
38.87775,-70.1081664869998
38.88225,-70.1081664869998
38.88675,-70.1081664869998
38.89125,-70.1081664869998
38.89575,-70.1081664869998
38.90025,-70.1081664869998
38.90475,-70.1081664869998
38.90925,-70.1081664869998
38.91375,-70.1081664869998
38.91825,-70.1081664869998
38.92275,-70.1081664869998
38.53125,-70.1126664869998
38.53575,-70.1126664869998
38.54025,-70.1126664869998
38.54475,-70.1126664869998
38.54925,-70.1126664869998
38.55375,-70.1126664869998
38.55825,-70.1126664869998
38.56275,-70.1126664869998
38.56725,-70.1126664869998
38.57175,-70.1126664869998
38.57625,-70.1126664869998
38.58075,-70.1126664869998
38.58525,-70.1126664869998
38.58975,-70.1126664869998
38.59425,-70.1126664869998
38.59875,-70.1126664869998
38.60325,-70.1126664869998
38.60775,-70.1126664869998
38.61225,-70.1126664869998
38.61675,-70.1126664869998
38.62125,-70.1126664869998
38.62575,-70.1126664869998
38.63025,-70.1126664869998
38.63475,-70.1126664869998
38.63925,-70.1126664869998
38.64375,-70.1126664869998
38.64825,-70.1126664869998
38.65275,-70.1126664869998
38.65725,-70.1126664869998
38.66175,-70.1126664869998
38.66625,-70.1126664869998
38.67075,-70.1126664869998
38.67525,-70.1126664869998
38.67975,-70.1126664869998
38.68425,-70.1126664869998
38.68875,-70.1126664869998
38.69325,-70.1126664869998
38.69775,-70.1126664869998
38.70225,-70.1126664869998
38.70675,-70.1126664869998
38.71125,-70.1126664869998
38.71575,-70.1126664869998
38.72025,-70.1126664869998
38.72475,-70.1126664869998
38.72925,-70.1126664869998
38.73375,-70.1126664869998
38.73825,-70.1126664869998
38.74275,-70.1126664869998
38.74725,-70.1126664869998
38.75175,-70.1126664869998
38.75625,-70.1126664869998
38.76075,-70.1126664869998
38.76525,-70.1126664869998
38.76975,-70.1126664869998
38.77425,-70.1126664869998
38.77875,-70.1126664869998
38.78325,-70.1126664869998
38.78775,-70.1126664869998
38.79225,-70.1126664869998
38.79675,-70.1126664869998
38.80125,-70.1126664869998
38.80575,-70.1126664869998
38.81025,-70.1126664869998
38.81475,-70.1126664869998
38.81925,-70.1126664869998
38.82375,-70.1126664869998
38.82825,-70.1126664869998
38.83275,-70.1126664869998
38.83725,-70.1126664869998
38.84175,-70.1126664869998
38.84625,-70.1126664869998
38.85075,-70.1126664869998
38.85525,-70.1126664869998
38.85975,-70.1126664869998
38.86425,-70.1126664869998
38.86875,-70.1126664869998
38.87325,-70.1126664869998
38.87775,-70.1126664869998
38.88225,-70.1126664869998
38.88675,-70.1126664869998
38.89125,-70.1126664869998
38.89575,-70.1126664869998
38.90025,-70.1126664869998
38.90475,-70.1126664869998
38.90925,-70.1126664869998
38.91375,-70.1126664869998
38.91825,-70.1126664869998
38.92275,-70.1126664869998
38.92725,-70.1126664869998
38.93175,-70.1126664869998
38.93625,-70.1126664869998
38.53125,-70.1171664869998
38.53575,-70.1171664869998
38.54025,-70.1171664869998
38.54475,-70.1171664869998
38.54925,-70.1171664869998
38.55375,-70.1171664869998
38.55825,-70.1171664869998
38.56275,-70.1171664869998
38.56725,-70.1171664869998
38.57175,-70.1171664869998
38.57625,-70.1171664869998
38.58075,-70.1171664869998
38.58525,-70.1171664869998
38.58975,-70.1171664869998
38.59425,-70.1171664869998
38.59875,-70.1171664869998
38.60325,-70.1171664869998
38.60775,-70.1171664869998
38.61225,-70.1171664869998
38.61675,-70.1171664869998
38.62125,-70.1171664869998
38.62575,-70.1171664869998
38.63025,-70.1171664869998
38.63475,-70.1171664869998
38.63925,-70.1171664869998
38.64375,-70.1171664869998
38.64825,-70.1171664869998
38.65275,-70.1171664869998
38.65725,-70.1171664869998
38.66175,-70.1171664869998
38.66625,-70.1171664869998
38.67075,-70.1171664869998
38.67525,-70.1171664869998
38.67975,-70.1171664869998
38.68425,-70.1171664869998
38.68875,-70.1171664869998
38.69325,-70.1171664869998
38.69775,-70.1171664869998
38.70225,-70.1171664869998
38.70675,-70.1171664869998
38.71125,-70.1171664869998
38.71575,-70.1171664869998
38.72025,-70.1171664869998
38.72475,-70.1171664869998
38.72925,-70.1171664869998
38.73375,-70.1171664869998
38.73825,-70.1171664869998
38.74275,-70.1171664869998
38.74725,-70.1171664869998
38.75175,-70.1171664869998
38.75625,-70.1171664869998
38.76075,-70.1171664869998
38.76525,-70.1171664869998
38.76975,-70.1171664869998
38.77425,-70.1171664869998
38.77875,-70.1171664869998
38.78325,-70.1171664869998
38.78775,-70.1171664869998
38.79225,-70.1171664869998
38.79675,-70.1171664869998
38.80125,-70.1171664869998
38.80575,-70.1171664869998
38.81025,-70.1171664869998
38.81475,-70.1171664869998
38.81925,-70.1171664869998
38.82375,-70.1171664869998
38.82825,-70.1171664869998
38.83275,-70.1171664869998
38.83725,-70.1171664869998
38.84175,-70.1171664869998
38.84625,-70.1171664869998
38.85075,-70.1171664869998
38.85525,-70.1171664869998
38.85975,-70.1171664869998
38.86425,-70.1171664869998
38.86875,-70.1171664869998
38.87325,-70.1171664869998
38.87775,-70.1171664869998
38.88225,-70.1171664869998
38.88675,-70.1171664869998
38.89125,-70.1171664869998
38.89575,-70.1171664869998
38.90025,-70.1171664869998
38.90475,-70.1171664869998
38.90925,-70.1171664869998
38.91375,-70.1171664869998
38.91825,-70.1171664869998
38.92275,-70.1171664869998
38.92725,-70.1171664869998
38.93175,-70.1171664869998
38.93625,-70.1171664869998
38.94075,-70.1171664869998
38.94525,-70.1171664869998
38.94975,-70.1171664869998
38.95425,-70.1171664869998
38.56275,-70.1216664869998
38.56725,-70.1216664869998
38.57175,-70.1216664869998
38.57625,-70.1216664869998
38.58075,-70.1216664869998
38.58525,-70.1216664869998
38.58975,-70.1216664869998
38.59425,-70.1216664869998
38.59875,-70.1216664869998
38.60325,-70.1216664869998
38.60775,-70.1216664869998
38.61225,-70.1216664869998
38.61675,-70.1216664869998
38.62125,-70.1216664869998
38.62575,-70.1216664869998
38.63025,-70.1216664869998
38.63475,-70.1216664869998
38.63925,-70.1216664869998
38.64375,-70.1216664869998
38.64825,-70.1216664869998
38.65275,-70.1216664869998
38.65725,-70.1216664869998
38.66175,-70.1216664869998
38.66625,-70.1216664869998
38.67075,-70.1216664869998
38.67525,-70.1216664869998
38.67975,-70.1216664869998
38.68425,-70.1216664869998
38.68875,-70.1216664869998
38.69325,-70.1216664869998
38.69775,-70.1216664869998
38.70225,-70.1216664869998
38.70675,-70.1216664869998
38.71125,-70.1216664869998
38.71575,-70.1216664869998
38.72025,-70.1216664869998
38.72475,-70.1216664869998
38.72925,-70.1216664869998
38.73375,-70.1216664869998
38.73825,-70.1216664869998
38.74275,-70.1216664869998
38.74725,-70.1216664869998
38.75175,-70.1216664869998
38.75625,-70.1216664869998
38.76075,-70.1216664869998
38.76525,-70.1216664869998
38.76975,-70.1216664869998
38.77425,-70.1216664869998
38.77875,-70.1216664869998
38.78325,-70.1216664869998
38.78775,-70.1216664869998
38.79225,-70.1216664869998
38.79675,-70.1216664869998
38.80125,-70.1216664869998
38.80575,-70.1216664869998
38.81025,-70.1216664869998
38.81475,-70.1216664869998
38.81925,-70.1216664869998
38.82375,-70.1216664869998
38.82825,-70.1216664869998
38.83275,-70.1216664869998
38.83725,-70.1216664869998
38.84175,-70.1216664869998
38.84625,-70.1216664869998
38.85075,-70.1216664869998
38.85525,-70.1216664869998
38.85975,-70.1216664869998
38.86425,-70.1216664869998
38.86875,-70.1216664869998
38.87325,-70.1216664869998
38.87775,-70.1216664869998
38.88225,-70.1216664869998
38.88675,-70.1216664869998
38.89125,-70.1216664869998
38.89575,-70.1216664869998
38.90025,-70.1216664869998
38.90475,-70.1216664869998
38.90925,-70.1216664869998
38.91375,-70.1216664869998
38.91825,-70.1216664869998
38.92275,-70.1216664869998
38.92725,-70.1216664869998
38.93175,-70.1216664869998
38.93625,-70.1216664869998
38.94075,-70.1216664869998
38.94525,-70.1216664869998
38.94975,-70.1216664869998
38.95425,-70.1216664869998
38.95875,-70.1216664869998
38.96325,-70.1216664869998
38.96775,-70.1216664869998
38.97225,-70.1216664869998
38.58525,-70.1261664869998
38.58975,-70.1261664869998
38.59425,-70.1261664869998
38.59875,-70.1261664869998
38.60325,-70.1261664869998
38.60775,-70.1261664869998
38.61225,-70.1261664869998
38.61675,-70.1261664869998
38.62125,-70.1261664869998
38.62575,-70.1261664869998
38.63025,-70.1261664869998
38.63475,-70.1261664869998
38.63925,-70.1261664869998
38.64375,-70.1261664869998
38.64825,-70.1261664869998
38.65275,-70.1261664869998
38.65725,-70.1261664869998
38.66175,-70.1261664869998
38.66625,-70.1261664869998
38.67075,-70.1261664869998
38.67525,-70.1261664869998
38.67975,-70.1261664869998
38.68425,-70.1261664869998
38.68875,-70.1261664869998
38.69325,-70.1261664869998
38.69775,-70.1261664869998
38.70225,-70.1261664869998
38.70675,-70.1261664869998
38.71125,-70.1261664869998
38.71575,-70.1261664869998
38.72025,-70.1261664869998
38.72475,-70.1261664869998
38.72925,-70.1261664869998
38.73375,-70.1261664869998
38.73825,-70.1261664869998
38.74275,-70.1261664869998
38.74725,-70.1261664869998
38.75175,-70.1261664869998
38.75625,-70.1261664869998
38.76075,-70.1261664869998
38.76525,-70.1261664869998
38.76975,-70.1261664869998
38.77425,-70.1261664869998
38.77875,-70.1261664869998
38.78325,-70.1261664869998
38.78775,-70.1261664869998
38.79225,-70.1261664869998
38.79675,-70.1261664869998
38.80125,-70.1261664869998
38.80575,-70.1261664869998
38.81025,-70.1261664869998
38.81475,-70.1261664869998
38.81925,-70.1261664869998
38.82375,-70.1261664869998
38.82825,-70.1261664869998
38.83275,-70.1261664869998
38.83725,-70.1261664869998
38.84175,-70.1261664869998
38.84625,-70.1261664869998
38.85075,-70.1261664869998
38.85525,-70.1261664869998
38.85975,-70.1261664869998
38.86425,-70.1261664869998
38.86875,-70.1261664869998
38.87325,-70.1261664869998
38.87775,-70.1261664869998
38.88225,-70.1261664869998
38.88675,-70.1261664869998
38.89125,-70.1261664869998
38.89575,-70.1261664869998
38.90025,-70.1261664869998
38.90475,-70.1261664869998
38.90925,-70.1261664869998
38.91375,-70.1261664869998
38.91825,-70.1261664869998
38.92275,-70.1261664869998
38.92725,-70.1261664869998
38.93175,-70.1261664869998
38.93625,-70.1261664869998
38.94075,-70.1261664869998
38.94525,-70.1261664869998
38.94975,-70.1261664869998
38.95425,-70.1261664869998
38.95875,-70.1261664869998
38.96325,-70.1261664869998
38.96775,-70.1261664869998
38.97225,-70.1261664869998
38.97675,-70.1261664869998
38.98125,-70.1261664869998
38.98575,-70.1261664869998
38.99025,-70.1261664869998
38.59875,-70.1306664869998
38.60325,-70.1306664869998
38.60775,-70.1306664869998
38.61225,-70.1306664869998
38.61675,-70.1306664869998
38.62125,-70.1306664869998
38.62575,-70.1306664869998
38.63025,-70.1306664869998
38.63475,-70.1306664869998
38.63925,-70.1306664869998
38.64375,-70.1306664869998
38.64825,-70.1306664869998
38.65275,-70.1306664869998
38.65725,-70.1306664869998
38.66175,-70.1306664869998
38.66625,-70.1306664869998
38.67075,-70.1306664869998
38.67525,-70.1306664869998
38.67975,-70.1306664869998
38.68425,-70.1306664869998
38.68875,-70.1306664869998
38.69325,-70.1306664869998
38.69775,-70.1306664869998
38.70225,-70.1306664869998
38.70675,-70.1306664869998
38.71125,-70.1306664869998
38.71575,-70.1306664869998
38.72025,-70.1306664869998
38.72475,-70.1306664869998
38.72925,-70.1306664869998
38.73375,-70.1306664869998
38.73825,-70.1306664869998
38.74275,-70.1306664869998
38.74725,-70.1306664869998
38.75175,-70.1306664869998
38.75625,-70.1306664869998
38.76075,-70.1306664869998
38.76525,-70.1306664869998
38.76975,-70.1306664869998
38.77425,-70.1306664869998
38.77875,-70.1306664869998
38.78325,-70.1306664869998
38.78775,-70.1306664869998
38.79225,-70.1306664869998
38.79675,-70.1306664869998
38.80125,-70.1306664869998
38.80575,-70.1306664869998
38.81025,-70.1306664869998
38.81475,-70.1306664869998
38.81925,-70.1306664869998
38.82375,-70.1306664869998
38.82825,-70.1306664869998
38.83275,-70.1306664869998
38.83725,-70.1306664869998
38.84175,-70.1306664869998
38.84625,-70.1306664869998
38.85075,-70.1306664869998
38.85525,-70.1306664869998
38.85975,-70.1306664869998
38.86425,-70.1306664869998
38.86875,-70.1306664869998
38.87325,-70.1306664869998
38.87775,-70.1306664869998
38.88225,-70.1306664869998
38.88675,-70.1306664869998
38.89125,-70.1306664869998
38.89575,-70.1306664869998
38.90025,-70.1306664869998
38.90475,-70.1306664869998
38.90925,-70.1306664869998
38.91375,-70.1306664869998
38.91825,-70.1306664869998
38.92275,-70.1306664869998
38.92725,-70.1306664869998
38.93175,-70.1306664869998
38.93625,-70.1306664869998
38.94075,-70.1306664869998
38.94525,-70.1306664869998
38.94975,-70.1306664869998
38.95425,-70.1306664869998
38.95875,-70.1306664869998
38.96325,-70.1306664869998
38.96775,-70.1306664869998
38.97225,-70.1306664869998
38.97675,-70.1306664869998
38.98125,-70.1306664869998
38.98575,-70.1306664869998
38.99025,-70.1306664869998
38.99475,-70.1306664869998
38.99925,-70.1306664869998
39.00375,-70.1306664869998
39.00825,-70.1306664869998
38.61225,-70.1351664869998
38.61675,-70.1351664869998
38.62125,-70.1351664869998
38.62575,-70.1351664869998
38.63025,-70.1351664869998
38.63475,-70.1351664869998
38.63925,-70.1351664869998
38.64375,-70.1351664869998
38.64825,-70.1351664869998
38.65275,-70.1351664869998
38.65725,-70.1351664869998
38.66175,-70.1351664869998
38.66625,-70.1351664869998
38.67075,-70.1351664869998
38.67525,-70.1351664869998
38.67975,-70.1351664869998
38.68425,-70.1351664869998
38.68875,-70.1351664869998
38.69325,-70.1351664869998
38.69775,-70.1351664869998
38.70225,-70.1351664869998
38.70675,-70.1351664869998
38.71125,-70.1351664869998
38.71575,-70.1351664869998
38.72025,-70.1351664869998
38.72475,-70.1351664869998
38.72925,-70.1351664869998
38.73375,-70.1351664869998
38.73825,-70.1351664869998
38.74275,-70.1351664869998
38.74725,-70.1351664869998
38.75175,-70.1351664869998
38.75625,-70.1351664869998
38.76075,-70.1351664869998
38.76525,-70.1351664869998
38.76975,-70.1351664869998
38.77425,-70.1351664869998
38.77875,-70.1351664869998
38.78325,-70.1351664869998
38.78775,-70.1351664869998
38.79225,-70.1351664869998
38.79675,-70.1351664869998
38.80125,-70.1351664869998
38.80575,-70.1351664869998
38.81025,-70.1351664869998
38.81475,-70.1351664869998
38.81925,-70.1351664869998
38.82375,-70.1351664869998
38.82825,-70.1351664869998
38.83275,-70.1351664869998
38.83725,-70.1351664869998
38.84175,-70.1351664869998
38.84625,-70.1351664869998
38.85075,-70.1351664869998
38.85525,-70.1351664869998
38.85975,-70.1351664869998
38.86425,-70.1351664869998
38.86875,-70.1351664869998
38.87325,-70.1351664869998
38.87775,-70.1351664869998
38.88225,-70.1351664869998
38.88675,-70.1351664869998
38.89125,-70.1351664869998
38.89575,-70.1351664869998
38.90025,-70.1351664869998
38.90475,-70.1351664869998
38.90925,-70.1351664869998
38.91375,-70.1351664869998
38.91825,-70.1351664869998
38.92275,-70.1351664869998
38.92725,-70.1351664869998
38.93175,-70.1351664869998
38.93625,-70.1351664869998
38.94075,-70.1351664869998
38.94525,-70.1351664869998
38.94975,-70.1351664869998
38.95425,-70.1351664869998
38.95875,-70.1351664869998
38.96325,-70.1351664869998
38.96775,-70.1351664869998
38.97225,-70.1351664869998
38.97675,-70.1351664869998
38.98125,-70.1351664869998
38.98575,-70.1351664869998
38.99025,-70.1351664869998
38.99475,-70.1351664869998
38.99925,-70.1351664869998
39.00375,-70.1351664869998
39.00825,-70.1351664869998
39.01275,-70.1351664869998
39.01725,-70.1351664869998
39.02175,-70.1351664869998
39.02625,-70.1351664869998
38.62575,-70.1396664869998
38.63025,-70.1396664869998
38.63475,-70.1396664869998
38.63925,-70.1396664869998
38.64375,-70.1396664869998
38.64825,-70.1396664869998
38.65275,-70.1396664869998
38.65725,-70.1396664869998
38.66175,-70.1396664869998
38.66625,-70.1396664869998
38.67075,-70.1396664869998
38.67525,-70.1396664869998
38.67975,-70.1396664869998
38.68425,-70.1396664869998
38.68875,-70.1396664869998
38.69325,-70.1396664869998
38.69775,-70.1396664869998
38.70225,-70.1396664869998
38.70675,-70.1396664869998
38.71125,-70.1396664869998
38.71575,-70.1396664869998
38.72025,-70.1396664869998
38.72475,-70.1396664869998
38.72925,-70.1396664869998
38.73375,-70.1396664869998
38.73825,-70.1396664869998
38.74275,-70.1396664869998
38.74725,-70.1396664869998
38.75175,-70.1396664869998
38.75625,-70.1396664869998
38.76075,-70.1396664869998
38.76525,-70.1396664869998
38.76975,-70.1396664869998
38.77425,-70.1396664869998
38.77875,-70.1396664869998
38.78325,-70.1396664869998
38.78775,-70.1396664869998
38.79225,-70.1396664869998
38.79675,-70.1396664869998
38.80125,-70.1396664869998
38.80575,-70.1396664869998
38.81025,-70.1396664869998
38.81475,-70.1396664869998
38.81925,-70.1396664869998
38.82375,-70.1396664869998
38.82825,-70.1396664869998
38.83275,-70.1396664869998
38.83725,-70.1396664869998
38.84175,-70.1396664869998
38.84625,-70.1396664869998
38.85075,-70.1396664869998
38.85525,-70.1396664869998
38.85975,-70.1396664869998
38.86425,-70.1396664869998
38.86875,-70.1396664869998
38.87325,-70.1396664869998
38.87775,-70.1396664869998
38.88225,-70.1396664869998
38.88675,-70.1396664869998
38.89125,-70.1396664869998
38.89575,-70.1396664869998
38.90025,-70.1396664869998
38.90475,-70.1396664869998
38.90925,-70.1396664869998
38.91375,-70.1396664869998
38.91825,-70.1396664869998
38.92275,-70.1396664869998
38.92725,-70.1396664869998
38.93175,-70.1396664869998
38.93625,-70.1396664869998
38.94075,-70.1396664869998
38.94525,-70.1396664869998
38.94975,-70.1396664869998
38.95425,-70.1396664869998
38.95875,-70.1396664869998
38.96325,-70.1396664869998
38.96775,-70.1396664869998
38.97225,-70.1396664869998
38.97675,-70.1396664869998
38.98125,-70.1396664869998
38.98575,-70.1396664869998
38.99025,-70.1396664869998
38.99475,-70.1396664869998
38.99925,-70.1396664869998
39.00375,-70.1396664869998
39.00825,-70.1396664869998
39.01275,-70.1396664869998
39.01725,-70.1396664869998
39.02175,-70.1396664869998
39.02625,-70.1396664869998
39.03075,-70.1396664869998
39.03525,-70.1396664869998
39.03975,-70.1396664869998
38.63925,-70.1441664869998
38.64375,-70.1441664869998
38.64825,-70.1441664869998
38.65275,-70.1441664869998
38.65725,-70.1441664869998
38.66175,-70.1441664869998
38.66625,-70.1441664869998
38.67075,-70.1441664869998
38.67525,-70.1441664869998
38.67975,-70.1441664869998
38.68425,-70.1441664869998
38.68875,-70.1441664869998
38.69325,-70.1441664869998
38.69775,-70.1441664869998
38.70225,-70.1441664869998
38.70675,-70.1441664869998
38.71125,-70.1441664869998
38.71575,-70.1441664869998
38.72025,-70.1441664869998
38.72475,-70.1441664869998
38.72925,-70.1441664869998
38.73375,-70.1441664869998
38.73825,-70.1441664869998
38.74275,-70.1441664869998
38.74725,-70.1441664869998
38.75175,-70.1441664869998
38.75625,-70.1441664869998
38.76075,-70.1441664869998
38.76525,-70.1441664869998
38.76975,-70.1441664869998
38.77425,-70.1441664869998
38.77875,-70.1441664869998
38.78325,-70.1441664869998
38.78775,-70.1441664869998
38.79225,-70.1441664869998
38.79675,-70.1441664869998
38.80125,-70.1441664869998
38.80575,-70.1441664869998
38.81025,-70.1441664869998
38.81475,-70.1441664869998
38.81925,-70.1441664869998
38.82375,-70.1441664869998
38.82825,-70.1441664869998
38.83275,-70.1441664869998
38.83725,-70.1441664869998
38.84175,-70.1441664869998
38.84625,-70.1441664869998
38.85075,-70.1441664869998
38.85525,-70.1441664869998
38.85975,-70.1441664869998
38.86425,-70.1441664869998
38.86875,-70.1441664869998
38.87325,-70.1441664869998
38.87775,-70.1441664869998
38.88225,-70.1441664869998
38.88675,-70.1441664869998
38.89125,-70.1441664869998
38.89575,-70.1441664869998
38.90025,-70.1441664869998
38.90475,-70.1441664869998
38.90925,-70.1441664869998
38.91375,-70.1441664869998
38.91825,-70.1441664869998
38.92275,-70.1441664869998
38.92725,-70.1441664869998
38.93175,-70.1441664869998
38.93625,-70.1441664869998
38.94075,-70.1441664869998
38.94525,-70.1441664869998
38.94975,-70.1441664869998
38.95425,-70.1441664869998
38.95875,-70.1441664869998
38.96325,-70.1441664869998
38.96775,-70.1441664869998
38.97225,-70.1441664869998
38.97675,-70.1441664869998
38.98125,-70.1441664869998
38.98575,-70.1441664869998
38.99025,-70.1441664869998
38.99475,-70.1441664869998
38.99925,-70.1441664869998
39.00375,-70.1441664869998
39.00825,-70.1441664869998
39.01275,-70.1441664869998
39.01725,-70.1441664869998
39.02175,-70.1441664869998
39.02625,-70.1441664869998
39.03075,-70.1441664869998
39.03525,-70.1441664869998
39.03975,-70.1441664869998
39.04425,-70.1441664869998
39.04875,-70.1441664869998
39.05325,-70.1441664869998
38.65275,-70.1486664869998
38.65725,-70.1486664869998
38.66175,-70.1486664869998
38.66625,-70.1486664869998
38.67075,-70.1486664869998
38.67525,-70.1486664869998
38.67975,-70.1486664869998
38.68425,-70.1486664869998
38.68875,-70.1486664869998
38.69325,-70.1486664869998
38.69775,-70.1486664869998
38.70225,-70.1486664869998
38.70675,-70.1486664869998
38.71125,-70.1486664869998
38.71575,-70.1486664869998
38.72025,-70.1486664869998
38.72475,-70.1486664869998
38.72925,-70.1486664869998
38.73375,-70.1486664869998
38.73825,-70.1486664869998
38.74275,-70.1486664869998
38.74725,-70.1486664869998
38.75175,-70.1486664869998
38.75625,-70.1486664869998
38.76075,-70.1486664869998
38.76525,-70.1486664869998
38.76975,-70.1486664869998
38.77425,-70.1486664869998
38.77875,-70.1486664869998
38.78325,-70.1486664869998
38.78775,-70.1486664869998
38.79225,-70.1486664869998
38.79675,-70.1486664869998
38.80125,-70.1486664869998
38.80575,-70.1486664869998
38.81025,-70.1486664869998
38.81475,-70.1486664869998
38.81925,-70.1486664869998
38.82375,-70.1486664869998
38.82825,-70.1486664869998
38.83275,-70.1486664869998
38.83725,-70.1486664869998
38.84175,-70.1486664869998
38.84625,-70.1486664869998
38.85075,-70.1486664869998
38.85525,-70.1486664869998
38.85975,-70.1486664869998
38.86425,-70.1486664869998
38.86875,-70.1486664869998
38.87325,-70.1486664869998
38.87775,-70.1486664869998
38.88225,-70.1486664869998
38.88675,-70.1486664869998
38.89125,-70.1486664869998
38.89575,-70.1486664869998
38.90025,-70.1486664869998
38.90475,-70.1486664869998
38.90925,-70.1486664869998
38.91375,-70.1486664869998
38.91825,-70.1486664869998
38.92275,-70.1486664869998
38.92725,-70.1486664869998
38.93175,-70.1486664869998
38.93625,-70.1486664869998
38.94075,-70.1486664869998
38.94525,-70.1486664869998
38.94975,-70.1486664869998
38.95425,-70.1486664869998
38.95875,-70.1486664869998
38.96325,-70.1486664869998
38.96775,-70.1486664869998
38.97225,-70.1486664869998
38.97675,-70.1486664869998
38.98125,-70.1486664869998
38.98575,-70.1486664869998
38.99025,-70.1486664869998
38.99475,-70.1486664869998
38.99925,-70.1486664869998
39.00375,-70.1486664869998
39.00825,-70.1486664869998
39.01275,-70.1486664869998
39.01725,-70.1486664869998
39.02175,-70.1486664869998
39.02625,-70.1486664869998
39.03075,-70.1486664869998
39.03525,-70.1486664869998
39.03975,-70.1486664869998
39.04425,-70.1486664869998
39.04875,-70.1486664869998
39.05325,-70.1486664869998
39.05775,-70.1486664869998
38.66625,-70.1531664869998
38.67075,-70.1531664869998
38.67525,-70.1531664869998
38.67975,-70.1531664869998
38.68425,-70.1531664869998
38.68875,-70.1531664869998
38.69325,-70.1531664869998
38.69775,-70.1531664869998
38.70225,-70.1531664869998
38.70675,-70.1531664869998
38.71125,-70.1531664869998
38.71575,-70.1531664869998
38.72025,-70.1531664869998
38.72475,-70.1531664869998
38.72925,-70.1531664869998
38.73375,-70.1531664869998
38.73825,-70.1531664869998
38.74275,-70.1531664869998
38.74725,-70.1531664869998
38.75175,-70.1531664869998
38.75625,-70.1531664869998
38.76075,-70.1531664869998
38.76525,-70.1531664869998
38.76975,-70.1531664869998
38.77425,-70.1531664869998
38.77875,-70.1531664869998
38.78325,-70.1531664869998
38.78775,-70.1531664869998
38.79225,-70.1531664869998
38.79675,-70.1531664869998
38.80125,-70.1531664869998
38.80575,-70.1531664869998
38.81025,-70.1531664869998
38.81475,-70.1531664869998
38.81925,-70.1531664869998
38.82375,-70.1531664869998
38.82825,-70.1531664869998
38.83275,-70.1531664869998
38.83725,-70.1531664869998
38.84175,-70.1531664869998
38.84625,-70.1531664869998
38.85075,-70.1531664869998
38.85525,-70.1531664869998
38.85975,-70.1531664869998
38.86425,-70.1531664869998
38.86875,-70.1531664869998
38.87325,-70.1531664869998
38.87775,-70.1531664869998
38.88225,-70.1531664869998
38.88675,-70.1531664869998
38.89125,-70.1531664869998
38.89575,-70.1531664869998
38.90025,-70.1531664869998
38.90475,-70.1531664869998
38.90925,-70.1531664869998
38.91375,-70.1531664869998
38.91825,-70.1531664869998
38.92275,-70.1531664869998
38.92725,-70.1531664869998
38.93175,-70.1531664869998
38.93625,-70.1531664869998
38.94075,-70.1531664869998
38.94525,-70.1531664869998
38.94975,-70.1531664869998
38.95425,-70.1531664869998
38.95875,-70.1531664869998
38.96325,-70.1531664869998
38.96775,-70.1531664869998
38.97225,-70.1531664869998
38.97675,-70.1531664869998
38.98125,-70.1531664869998
38.98575,-70.1531664869998
38.99025,-70.1531664869998
38.99475,-70.1531664869998
38.99925,-70.1531664869998
39.00375,-70.1531664869998
39.00825,-70.1531664869998
39.01275,-70.1531664869998
39.01725,-70.1531664869998
39.02175,-70.1531664869998
39.02625,-70.1531664869998
39.03075,-70.1531664869998
39.03525,-70.1531664869998
39.03975,-70.1531664869998
39.04425,-70.1531664869998
39.04875,-70.1531664869998
39.05325,-70.1531664869998
39.05775,-70.1531664869998
39.06225,-70.1531664869998
38.67975,-70.1576664869997
38.68425,-70.1576664869997
38.68875,-70.1576664869997
38.69325,-70.1576664869997
38.69775,-70.1576664869997
38.70225,-70.1576664869997
38.70675,-70.1576664869997
38.71125,-70.1576664869997
38.71575,-70.1576664869997
38.72025,-70.1576664869997
38.72475,-70.1576664869997
38.72925,-70.1576664869997
38.73375,-70.1576664869997
38.73825,-70.1576664869997
38.74275,-70.1576664869997
38.74725,-70.1576664869997
38.75175,-70.1576664869997
38.75625,-70.1576664869997
38.76075,-70.1576664869997
38.76525,-70.1576664869997
38.76975,-70.1576664869997
38.77425,-70.1576664869997
38.77875,-70.1576664869997
38.78325,-70.1576664869997
38.78775,-70.1576664869997
38.79225,-70.1576664869997
38.79675,-70.1576664869997
38.80125,-70.1576664869997
38.80575,-70.1576664869997
38.81025,-70.1576664869997
38.81475,-70.1576664869997
38.81925,-70.1576664869997
38.82375,-70.1576664869997
38.82825,-70.1576664869997
38.83275,-70.1576664869997
38.83725,-70.1576664869997
38.84175,-70.1576664869997
38.84625,-70.1576664869997
38.85075,-70.1576664869997
38.85525,-70.1576664869997
38.85975,-70.1576664869997
38.86425,-70.1576664869997
38.86875,-70.1576664869997
38.87325,-70.1576664869997
38.87775,-70.1576664869997
38.88225,-70.1576664869997
38.88675,-70.1576664869997
38.89125,-70.1576664869997
38.89575,-70.1576664869997
38.90025,-70.1576664869997
38.90475,-70.1576664869997
38.90925,-70.1576664869997
38.91375,-70.1576664869997
38.91825,-70.1576664869997
38.92275,-70.1576664869997
38.92725,-70.1576664869997
38.93175,-70.1576664869997
38.93625,-70.1576664869997
38.94075,-70.1576664869997
38.94525,-70.1576664869997
38.94975,-70.1576664869997
38.95425,-70.1576664869997
38.95875,-70.1576664869997
38.96325,-70.1576664869997
38.96775,-70.1576664869997
38.97225,-70.1576664869997
38.97675,-70.1576664869997
38.98125,-70.1576664869997
38.98575,-70.1576664869997
38.99025,-70.1576664869997
38.99475,-70.1576664869997
38.99925,-70.1576664869997
39.00375,-70.1576664869997
39.00825,-70.1576664869997
39.01275,-70.1576664869997
39.01725,-70.1576664869997
39.02175,-70.1576664869997
39.02625,-70.1576664869997
39.03075,-70.1576664869997
39.03525,-70.1576664869997
39.03975,-70.1576664869997
39.04425,-70.1576664869997
39.04875,-70.1576664869997
39.05325,-70.1576664869997
39.05775,-70.1576664869997
39.06225,-70.1576664869997
39.06675,-70.1576664869997
39.07125,-70.1576664869997
39.07575,-70.1576664869997
38.67975,-70.1621664869997
38.68425,-70.1621664869997
38.68875,-70.1621664869997
38.69325,-70.1621664869997
38.69775,-70.1621664869997
38.70225,-70.1621664869997
38.70675,-70.1621664869997
38.71125,-70.1621664869997
38.71575,-70.1621664869997
38.72025,-70.1621664869997
38.72475,-70.1621664869997
38.72925,-70.1621664869997
38.73375,-70.1621664869997
38.73825,-70.1621664869997
38.74275,-70.1621664869997
38.74725,-70.1621664869997
38.75175,-70.1621664869997
38.75625,-70.1621664869997
38.76075,-70.1621664869997
38.76525,-70.1621664869997
38.76975,-70.1621664869997
38.77425,-70.1621664869997
38.77875,-70.1621664869997
38.78325,-70.1621664869997
38.78775,-70.1621664869997
38.79225,-70.1621664869997
38.79675,-70.1621664869997
38.80125,-70.1621664869997
38.80575,-70.1621664869997
38.81025,-70.1621664869997
38.81475,-70.1621664869997
38.81925,-70.1621664869997
38.82375,-70.1621664869997
38.82825,-70.1621664869997
38.83275,-70.1621664869997
38.83725,-70.1621664869997
38.84175,-70.1621664869997
38.84625,-70.1621664869997
38.85075,-70.1621664869997
38.85525,-70.1621664869997
38.85975,-70.1621664869997
38.86425,-70.1621664869997
38.86875,-70.1621664869997
38.87325,-70.1621664869997
38.87775,-70.1621664869997
38.88225,-70.1621664869997
38.88675,-70.1621664869997
38.89125,-70.1621664869997
38.89575,-70.1621664869997
38.90025,-70.1621664869997
38.90475,-70.1621664869997
38.90925,-70.1621664869997
38.91375,-70.1621664869997
38.91825,-70.1621664869997
38.92275,-70.1621664869997
38.92725,-70.1621664869997
38.93175,-70.1621664869997
38.93625,-70.1621664869997
38.94075,-70.1621664869997
38.94525,-70.1621664869997
38.94975,-70.1621664869997
38.95425,-70.1621664869997
38.95875,-70.1621664869997
38.96325,-70.1621664869997
38.96775,-70.1621664869997
38.97225,-70.1621664869997
38.97675,-70.1621664869997
38.98125,-70.1621664869997
38.98575,-70.1621664869997
38.99025,-70.1621664869997
38.99475,-70.1621664869997
38.99925,-70.1621664869997
39.00375,-70.1621664869997
39.00825,-70.1621664869997
39.01275,-70.1621664869997
39.01725,-70.1621664869997
39.02175,-70.1621664869997
39.02625,-70.1621664869997
39.03075,-70.1621664869997
39.03525,-70.1621664869997
39.03975,-70.1621664869997
39.04425,-70.1621664869997
39.04875,-70.1621664869997
39.05325,-70.1621664869997
39.05775,-70.1621664869997
39.06225,-70.1621664869997
39.06675,-70.1621664869997
39.07125,-70.1621664869997
39.07575,-70.1621664869997
39.08025,-70.1621664869997
39.08475,-70.1621664869997
39.08925,-70.1621664869997
38.67525,-70.1666664869997
38.67975,-70.1666664869997
38.68425,-70.1666664869997
38.68875,-70.1666664869997
38.69325,-70.1666664869997
38.69775,-70.1666664869997
38.70225,-70.1666664869997
38.70675,-70.1666664869997
38.71125,-70.1666664869997
38.71575,-70.1666664869997
38.72025,-70.1666664869997
38.72475,-70.1666664869997
38.72925,-70.1666664869997
38.73375,-70.1666664869997
38.73825,-70.1666664869997
38.74275,-70.1666664869997
38.74725,-70.1666664869997
38.75175,-70.1666664869997
38.75625,-70.1666664869997
38.76075,-70.1666664869997
38.76525,-70.1666664869997
38.76975,-70.1666664869997
38.77425,-70.1666664869997
38.77875,-70.1666664869997
38.78325,-70.1666664869997
38.78775,-70.1666664869997
38.79225,-70.1666664869997
38.79675,-70.1666664869997
38.80125,-70.1666664869997
38.80575,-70.1666664869997
38.81025,-70.1666664869997
38.81475,-70.1666664869997
38.81925,-70.1666664869997
38.82375,-70.1666664869997
38.82825,-70.1666664869997
38.83275,-70.1666664869997
38.83725,-70.1666664869997
38.84175,-70.1666664869997
38.84625,-70.1666664869997
38.85075,-70.1666664869997
38.85525,-70.1666664869997
38.85975,-70.1666664869997
38.86425,-70.1666664869997
38.86875,-70.1666664869997
38.87325,-70.1666664869997
38.87775,-70.1666664869997
38.88225,-70.1666664869997
38.88675,-70.1666664869997
38.89125,-70.1666664869997
38.89575,-70.1666664869997
38.90025,-70.1666664869997
38.90475,-70.1666664869997
38.90925,-70.1666664869997
38.91375,-70.1666664869997
38.91825,-70.1666664869997
38.92275,-70.1666664869997
38.92725,-70.1666664869997
38.93175,-70.1666664869997
38.93625,-70.1666664869997
38.94075,-70.1666664869997
38.94525,-70.1666664869997
38.94975,-70.1666664869997
38.95425,-70.1666664869997
38.95875,-70.1666664869997
38.96325,-70.1666664869997
38.96775,-70.1666664869997
38.97225,-70.1666664869997
38.97675,-70.1666664869997
38.98125,-70.1666664869997
38.98575,-70.1666664869997
38.99025,-70.1666664869997
38.99475,-70.1666664869997
38.99925,-70.1666664869997
39.00375,-70.1666664869997
39.00825,-70.1666664869997
39.01275,-70.1666664869997
39.01725,-70.1666664869997
39.02175,-70.1666664869997
39.02625,-70.1666664869997
39.03075,-70.1666664869997
39.03525,-70.1666664869997
39.03975,-70.1666664869997
39.04425,-70.1666664869997
39.04875,-70.1666664869997
39.05325,-70.1666664869997
39.05775,-70.1666664869997
39.06225,-70.1666664869997
39.06675,-70.1666664869997
39.07125,-70.1666664869997
39.07575,-70.1666664869997
39.08025,-70.1666664869997
39.08475,-70.1666664869997
39.08925,-70.1666664869997
39.09375,-70.1666664869997
39.09825,-70.1666664869997
39.10275,-70.1666664869997
38.67075,-70.1711664869997
38.67525,-70.1711664869997
38.67975,-70.1711664869997
38.68425,-70.1711664869997
38.68875,-70.1711664869997
38.69325,-70.1711664869997
38.69775,-70.1711664869997
38.70225,-70.1711664869997
38.70675,-70.1711664869997
38.71125,-70.1711664869997
38.71575,-70.1711664869997
38.72025,-70.1711664869997
38.72475,-70.1711664869997
38.72925,-70.1711664869997
38.73375,-70.1711664869997
38.73825,-70.1711664869997
38.74275,-70.1711664869997
38.74725,-70.1711664869997
38.75175,-70.1711664869997
38.75625,-70.1711664869997
38.76075,-70.1711664869997
38.76525,-70.1711664869997
38.76975,-70.1711664869997
38.77425,-70.1711664869997
38.77875,-70.1711664869997
38.78325,-70.1711664869997
38.78775,-70.1711664869997
38.79225,-70.1711664869997
38.79675,-70.1711664869997
38.80125,-70.1711664869997
38.80575,-70.1711664869997
38.81025,-70.1711664869997
38.81475,-70.1711664869997
38.81925,-70.1711664869997
38.82375,-70.1711664869997
38.82825,-70.1711664869997
38.83275,-70.1711664869997
38.83725,-70.1711664869997
38.84175,-70.1711664869997
38.84625,-70.1711664869997
38.85075,-70.1711664869997
38.85525,-70.1711664869997
38.85975,-70.1711664869997
38.86425,-70.1711664869997
38.86875,-70.1711664869997
38.87325,-70.1711664869997
38.87775,-70.1711664869997
38.88225,-70.1711664869997
38.88675,-70.1711664869997
38.89125,-70.1711664869997
38.89575,-70.1711664869997
38.90025,-70.1711664869997
38.90475,-70.1711664869997
38.90925,-70.1711664869997
38.91375,-70.1711664869997
38.91825,-70.1711664869997
38.92275,-70.1711664869997
38.92725,-70.1711664869997
38.93175,-70.1711664869997
38.93625,-70.1711664869997
38.94075,-70.1711664869997
38.94525,-70.1711664869997
38.94975,-70.1711664869997
38.95425,-70.1711664869997
38.95875,-70.1711664869997
38.96325,-70.1711664869997
38.96775,-70.1711664869997
38.97225,-70.1711664869997
38.97675,-70.1711664869997
38.98125,-70.1711664869997
38.98575,-70.1711664869997
38.99025,-70.1711664869997
38.99475,-70.1711664869997
38.99925,-70.1711664869997
39.00375,-70.1711664869997
39.00825,-70.1711664869997
39.01275,-70.1711664869997
39.01725,-70.1711664869997
39.02175,-70.1711664869997
39.02625,-70.1711664869997
39.03075,-70.1711664869997
39.03525,-70.1711664869997
39.03975,-70.1711664869997
39.04425,-70.1711664869997
39.04875,-70.1711664869997
39.05325,-70.1711664869997
39.05775,-70.1711664869997
39.06225,-70.1711664869997
39.06675,-70.1711664869997
39.07125,-70.1711664869997
39.07575,-70.1711664869997
39.08025,-70.1711664869997
39.08475,-70.1711664869997
39.08925,-70.1711664869997
39.09375,-70.1711664869997
39.09825,-70.1711664869997
39.10275,-70.1711664869997
39.10725,-70.1711664869997
39.11175,-70.1711664869997
39.11625,-70.1711664869997
38.67075,-70.1756664869997
38.67525,-70.1756664869997
38.67975,-70.1756664869997
38.68425,-70.1756664869997
38.68875,-70.1756664869997
38.69325,-70.1756664869997
38.69775,-70.1756664869997
38.70225,-70.1756664869997
38.70675,-70.1756664869997
38.71125,-70.1756664869997
38.71575,-70.1756664869997
38.72025,-70.1756664869997
38.72475,-70.1756664869997
38.72925,-70.1756664869997
38.73375,-70.1756664869997
38.73825,-70.1756664869997
38.74275,-70.1756664869997
38.74725,-70.1756664869997
38.75175,-70.1756664869997
38.75625,-70.1756664869997
38.76075,-70.1756664869997
38.76525,-70.1756664869997
38.76975,-70.1756664869997
38.77425,-70.1756664869997
38.77875,-70.1756664869997
38.78325,-70.1756664869997
38.78775,-70.1756664869997
38.79225,-70.1756664869997
38.79675,-70.1756664869997
38.80125,-70.1756664869997
38.80575,-70.1756664869997
38.81025,-70.1756664869997
38.81475,-70.1756664869997
38.81925,-70.1756664869997
38.82375,-70.1756664869997
38.82825,-70.1756664869997
38.83275,-70.1756664869997
38.83725,-70.1756664869997
38.84175,-70.1756664869997
38.84625,-70.1756664869997
38.85075,-70.1756664869997
38.85525,-70.1756664869997
38.85975,-70.1756664869997
38.86425,-70.1756664869997
38.86875,-70.1756664869997
38.87325,-70.1756664869997
38.87775,-70.1756664869997
38.88225,-70.1756664869997
38.88675,-70.1756664869997
38.89125,-70.1756664869997
38.89575,-70.1756664869997
38.90025,-70.1756664869997
38.90475,-70.1756664869997
38.90925,-70.1756664869997
38.91375,-70.1756664869997
38.91825,-70.1756664869997
38.92275,-70.1756664869997
38.92725,-70.1756664869997
38.93175,-70.1756664869997
38.93625,-70.1756664869997
38.94075,-70.1756664869997
38.94525,-70.1756664869997
38.94975,-70.1756664869997
38.95425,-70.1756664869997
38.95875,-70.1756664869997
38.96325,-70.1756664869997
38.96775,-70.1756664869997
38.97225,-70.1756664869997
38.97675,-70.1756664869997
38.98125,-70.1756664869997
38.98575,-70.1756664869997
38.99025,-70.1756664869997
38.99475,-70.1756664869997
38.99925,-70.1756664869997
39.00375,-70.1756664869997
39.00825,-70.1756664869997
39.01275,-70.1756664869997
39.01725,-70.1756664869997
39.02175,-70.1756664869997
39.02625,-70.1756664869997
39.03075,-70.1756664869997
39.03525,-70.1756664869997
39.03975,-70.1756664869997
39.04425,-70.1756664869997
39.04875,-70.1756664869997
39.05325,-70.1756664869997
39.05775,-70.1756664869997
39.06225,-70.1756664869997
39.06675,-70.1756664869997
39.07125,-70.1756664869997
39.07575,-70.1756664869997
39.08025,-70.1756664869997
39.08475,-70.1756664869997
39.08925,-70.1756664869997
39.09375,-70.1756664869997
39.09825,-70.1756664869997
39.10275,-70.1756664869997
39.10725,-70.1756664869997
39.11175,-70.1756664869997
39.11625,-70.1756664869997
39.12075,-70.1756664869997
39.12525,-70.1756664869997
39.12975,-70.1756664869997
38.67075,-70.1801664869997
38.67525,-70.1801664869997
38.67975,-70.1801664869997
38.68425,-70.1801664869997
38.68875,-70.1801664869997
38.69325,-70.1801664869997
38.69775,-70.1801664869997
38.70225,-70.1801664869997
38.70675,-70.1801664869997
38.71125,-70.1801664869997
38.71575,-70.1801664869997
38.72025,-70.1801664869997
38.72475,-70.1801664869997
38.72925,-70.1801664869997
38.73375,-70.1801664869997
38.73825,-70.1801664869997
38.74275,-70.1801664869997
38.74725,-70.1801664869997
38.75175,-70.1801664869997
38.75625,-70.1801664869997
38.76075,-70.1801664869997
38.78775,-70.1801664869997
38.79225,-70.1801664869997
38.79675,-70.1801664869997
38.80125,-70.1801664869997
38.80575,-70.1801664869997
38.81025,-70.1801664869997
38.81475,-70.1801664869997
38.81925,-70.1801664869997
38.82375,-70.1801664869997
38.82825,-70.1801664869997
38.83275,-70.1801664869997
38.83725,-70.1801664869997
38.84175,-70.1801664869997
38.84625,-70.1801664869997
38.85075,-70.1801664869997
38.85525,-70.1801664869997
38.85975,-70.1801664869997
38.86425,-70.1801664869997
38.86875,-70.1801664869997
38.87325,-70.1801664869997
38.87775,-70.1801664869997
38.88225,-70.1801664869997
38.88675,-70.1801664869997
38.89125,-70.1801664869997
38.89575,-70.1801664869997
38.90025,-70.1801664869997
38.90475,-70.1801664869997
38.90925,-70.1801664869997
38.91375,-70.1801664869997
38.91825,-70.1801664869997
38.92275,-70.1801664869997
38.92725,-70.1801664869997
38.93175,-70.1801664869997
38.93625,-70.1801664869997
38.94075,-70.1801664869997
38.94525,-70.1801664869997
38.94975,-70.1801664869997
38.95425,-70.1801664869997
38.95875,-70.1801664869997
38.96325,-70.1801664869997
38.96775,-70.1801664869997
38.97225,-70.1801664869997
38.97675,-70.1801664869997
38.98125,-70.1801664869997
38.98575,-70.1801664869997
38.99025,-70.1801664869997
38.99475,-70.1801664869997
38.99925,-70.1801664869997
39.00375,-70.1801664869997
39.00825,-70.1801664869997
39.01275,-70.1801664869997
39.01725,-70.1801664869997
39.02175,-70.1801664869997
39.02625,-70.1801664869997
39.03075,-70.1801664869997
39.03525,-70.1801664869997
39.03975,-70.1801664869997
39.04425,-70.1801664869997
39.04875,-70.1801664869997
39.05325,-70.1801664869997
39.05775,-70.1801664869997
39.06225,-70.1801664869997
39.06675,-70.1801664869997
39.07125,-70.1801664869997
39.07575,-70.1801664869997
39.08025,-70.1801664869997
39.08475,-70.1801664869997
39.08925,-70.1801664869997
39.09375,-70.1801664869997
39.09825,-70.1801664869997
39.10275,-70.1801664869997
39.10725,-70.1801664869997
39.11175,-70.1801664869997
39.11625,-70.1801664869997
39.12075,-70.1801664869997
39.12525,-70.1801664869997
39.12975,-70.1801664869997
39.13425,-70.1801664869997
38.67075,-70.1846664869997
38.67525,-70.1846664869997
38.67975,-70.1846664869997
38.68425,-70.1846664869997
38.68875,-70.1846664869997
38.69325,-70.1846664869997
38.69775,-70.1846664869997
38.70225,-70.1846664869997
38.70675,-70.1846664869997
38.71125,-70.1846664869997
38.71575,-70.1846664869997
38.72025,-70.1846664869997
38.72475,-70.1846664869997
38.72925,-70.1846664869997
38.73375,-70.1846664869997
38.73825,-70.1846664869997
38.80575,-70.1846664869997
38.81025,-70.1846664869997
38.81475,-70.1846664869997
38.81925,-70.1846664869997
38.82375,-70.1846664869997
38.82825,-70.1846664869997
38.83275,-70.1846664869997
38.83725,-70.1846664869997
38.84175,-70.1846664869997
38.84625,-70.1846664869997
38.85075,-70.1846664869997
38.85525,-70.1846664869997
38.85975,-70.1846664869997
38.86425,-70.1846664869997
38.86875,-70.1846664869997
38.87325,-70.1846664869997
38.87775,-70.1846664869997
38.88225,-70.1846664869997
38.88675,-70.1846664869997
38.89125,-70.1846664869997
38.89575,-70.1846664869997
38.90025,-70.1846664869997
38.90475,-70.1846664869997
38.90925,-70.1846664869997
38.91375,-70.1846664869997
38.91825,-70.1846664869997
38.92275,-70.1846664869997
38.92725,-70.1846664869997
38.93175,-70.1846664869997
38.93625,-70.1846664869997
38.94075,-70.1846664869997
38.94525,-70.1846664869997
38.94975,-70.1846664869997
38.95425,-70.1846664869997
38.95875,-70.1846664869997
38.96325,-70.1846664869997
38.96775,-70.1846664869997
38.97225,-70.1846664869997
38.97675,-70.1846664869997
38.98125,-70.1846664869997
38.98575,-70.1846664869997
38.99025,-70.1846664869997
38.99475,-70.1846664869997
38.99925,-70.1846664869997
39.00375,-70.1846664869997
39.00825,-70.1846664869997
39.01275,-70.1846664869997
39.01725,-70.1846664869997
39.02175,-70.1846664869997
39.02625,-70.1846664869997
39.03075,-70.1846664869997
39.03525,-70.1846664869997
39.03975,-70.1846664869997
39.04425,-70.1846664869997
39.04875,-70.1846664869997
39.05325,-70.1846664869997
39.05775,-70.1846664869997
39.06225,-70.1846664869997
39.06675,-70.1846664869997
39.07125,-70.1846664869997
39.07575,-70.1846664869997
39.08025,-70.1846664869997
39.08475,-70.1846664869997
39.08925,-70.1846664869997
39.09375,-70.1846664869997
39.09825,-70.1846664869997
39.10275,-70.1846664869997
39.10725,-70.1846664869997
39.11175,-70.1846664869997
39.11625,-70.1846664869997
39.12075,-70.1846664869997
39.12525,-70.1846664869997
39.12975,-70.1846664869997
39.13425,-70.1846664869997
38.69325,-70.1891664869997
38.69775,-70.1891664869997
38.70225,-70.1891664869997
38.70675,-70.1891664869997
38.71125,-70.1891664869997
38.82825,-70.1891664869997
38.83275,-70.1891664869997
38.83725,-70.1891664869997
38.84175,-70.1891664869997
38.84625,-70.1891664869997
38.85075,-70.1891664869997
38.85525,-70.1891664869997
38.85975,-70.1891664869997
38.86425,-70.1891664869997
38.86875,-70.1891664869997
38.87325,-70.1891664869997
38.87775,-70.1891664869997
38.88225,-70.1891664869997
38.88675,-70.1891664869997
38.89125,-70.1891664869997
38.89575,-70.1891664869997
38.90025,-70.1891664869997
38.90475,-70.1891664869997
38.90925,-70.1891664869997
38.91375,-70.1891664869997
38.91825,-70.1891664869997
38.92275,-70.1891664869997
38.92725,-70.1891664869997
38.93175,-70.1891664869997
38.93625,-70.1891664869997
38.94075,-70.1891664869997
38.94525,-70.1891664869997
38.94975,-70.1891664869997
38.95425,-70.1891664869997
38.95875,-70.1891664869997
38.96325,-70.1891664869997
38.96775,-70.1891664869997
38.97225,-70.1891664869997
38.97675,-70.1891664869997
38.98125,-70.1891664869997
38.98575,-70.1891664869997
38.99025,-70.1891664869997
38.99475,-70.1891664869997
38.99925,-70.1891664869997
39.00375,-70.1891664869997
39.00825,-70.1891664869997
39.01275,-70.1891664869997
39.01725,-70.1891664869997
39.02175,-70.1891664869997
39.02625,-70.1891664869997
39.03075,-70.1891664869997
39.03525,-70.1891664869997
39.03975,-70.1891664869997
39.04425,-70.1891664869997
39.04875,-70.1891664869997
39.05325,-70.1891664869997
39.05775,-70.1891664869997
39.06225,-70.1891664869997
39.06675,-70.1891664869997
39.07125,-70.1891664869997
39.07575,-70.1891664869997
39.08025,-70.1891664869997
39.08475,-70.1891664869997
39.08925,-70.1891664869997
39.09375,-70.1891664869997
39.09825,-70.1891664869997
39.10275,-70.1891664869997
39.10725,-70.1891664869997
39.11175,-70.1891664869997
39.11625,-70.1891664869997
39.12075,-70.1891664869997
38.85075,-70.1936664869997
38.85525,-70.1936664869997
38.85975,-70.1936664869997
38.86425,-70.1936664869997
38.86875,-70.1936664869997
38.87325,-70.1936664869997
38.87775,-70.1936664869997
38.88225,-70.1936664869997
38.88675,-70.1936664869997
38.89125,-70.1936664869997
38.89575,-70.1936664869997
38.90025,-70.1936664869997
38.90475,-70.1936664869997
38.90925,-70.1936664869997
38.91375,-70.1936664869997
38.91825,-70.1936664869997
38.92275,-70.1936664869997
38.92725,-70.1936664869997
38.93175,-70.1936664869997
38.93625,-70.1936664869997
38.94075,-70.1936664869997
38.94525,-70.1936664869997
38.94975,-70.1936664869997
38.95425,-70.1936664869997
38.95875,-70.1936664869997
38.96325,-70.1936664869997
38.96775,-70.1936664869997
38.97225,-70.1936664869997
38.97675,-70.1936664869997
38.98125,-70.1936664869997
38.98575,-70.1936664869997
38.99025,-70.1936664869997
38.99475,-70.1936664869997
38.99925,-70.1936664869997
39.00375,-70.1936664869997
39.00825,-70.1936664869997
39.01275,-70.1936664869997
39.01725,-70.1936664869997
39.02175,-70.1936664869997
39.02625,-70.1936664869997
39.03075,-70.1936664869997
39.03525,-70.1936664869997
39.03975,-70.1936664869997
39.04425,-70.1936664869997
39.04875,-70.1936664869997
39.05325,-70.1936664869997
39.05775,-70.1936664869997
39.06225,-70.1936664869997
39.06675,-70.1936664869997
39.07125,-70.1936664869997
39.07575,-70.1936664869997
39.08025,-70.1936664869997
39.08475,-70.1936664869997
39.08925,-70.1936664869997
38.88225,-70.1981664869997
38.88675,-70.1981664869997
38.89125,-70.1981664869997
38.89575,-70.1981664869997
38.90025,-70.1981664869997
38.90475,-70.1981664869997
38.90925,-70.1981664869997
38.91375,-70.1981664869997
38.91825,-70.1981664869997
38.92275,-70.1981664869997
38.92725,-70.1981664869997
38.93175,-70.1981664869997
38.93625,-70.1981664869997
38.94075,-70.1981664869997
38.94525,-70.1981664869997
38.94975,-70.1981664869997
38.95425,-70.1981664869997
38.95875,-70.1981664869997
38.96325,-70.1981664869997
38.96775,-70.1981664869997
38.97225,-70.1981664869997
38.97675,-70.1981664869997
38.98125,-70.1981664869997
38.98575,-70.1981664869997
38.99025,-70.1981664869997
38.99475,-70.1981664869997
38.99925,-70.1981664869997
39.00375,-70.1981664869997
39.00825,-70.1981664869997
39.01275,-70.1981664869997
39.01725,-70.1981664869997
39.02175,-70.1981664869997
39.02625,-70.1981664869997
39.03075,-70.1981664869997
38.91375,-70.2026664869997
38.91825,-70.2026664869997
38.92275,-70.2026664869997
38.92725,-70.2026664869997
38.93175,-70.2026664869997
38.93625,-70.2026664869997
38.94075,-70.2026664869997
38.94525,-70.2026664869997
38.94975,-70.2026664869997
38.95425,-70.2026664869997
38.95875,-70.2026664869997
38.96325,-70.2026664869997
38.96775,-70.2026664869997
38.97225,-70.2026664869997
38.97675,-70.2026664869997
38.98125,-70.2026664869997
38.98575,-70.2026664869997
38.99025,-70.2026664869997
38.99475,-70.2026664869997
38.99925,-70.2026664869997
39.00375,-70.2026664869997
39.00825,-70.2026664869997
39.01275,-70.2026664869997
38.94975,-70.2071664869997
38.95425,-70.2071664869997
38.95875,-70.2071664869997
38.96325,-70.2071664869997
38.96775,-70.2071664869997
38.97225,-70.2071664869997
38.97675,-70.2071664869997
38.98125,-70.2071664869997
38.98575,-70.2071664869997
38.99025,-70.2071664869997
38.99475,-70.2071664869997
